id,nombre,descripcion,subject,content,created_at,updated_at,mail_trigger_id,last_sent_on,last_sent_to,school_id,header_image_url,footer_image_url
50001,Mensaje de bienvenida,"Mensaje que será enviado a la persona post creación de la matrícula.
El cuestionario y el capitulo Qepsf van adjuntos.",Bienvenido a la Sede Belgrano del Método DeRose,"<p><strong id=""internal-source-marker_0.21281181811355054"" style=""font-family: 'Times New Roman'; font-size: medium; font-weight: normal;"">
<p style=""text-align: justify; margin-top: 0pt; margin-bottom: 0pt; display: inline !important;"" dir=""ltr""><span style=""font-size: 13px; background-color: transparent; font-weight: bold; vertical-align: baseline; white-space: pre-wrap;"">&iexcl;Te damos la bienvenida a la Sede Belgrano del M&eacute;todo DeRose! </span></p>
</strong></p>
<h1><strong id=""internal-source-marker_0.21281181811355054"" style=""font-family: 'Times New Roman'; font-size: medium; font-weight: normal;"">
<p style=""text-align: justify; margin-top: 0pt; margin-bottom: 0pt;"" dir=""ltr""><span style=""font-size: 13px; background-color: transparent; vertical-align: baseline; white-space: pre-wrap;"">Estamos muy felices de recibirte en nuestra escuela.</span></p>
<p style=""text-align: justify; margin-top: 0pt; margin-bottom: 0pt;"" dir=""ltr""><span style=""font-size: 13px; background-color: transparent; vertical-align: baseline; white-space: pre-wrap;"">Tu instructor y la directora, Luc&iacute;a Gagliardini, estar&aacute;n siempre disponibles para cualquier consulta o sugerencia que desees hacernos para mejorar nuestro trabajo.</span></p>
<br />
<p style=""text-align: justify; margin-top: 0pt; margin-bottom: 0pt;"" dir=""ltr""><span style=""font-size: 13px; background-color: transparent; font-weight: bold; vertical-align: baseline; white-space: pre-wrap;"">En nuestra escuela</span></p>
<p style=""text-align: justify; margin-top: 0pt; margin-bottom: 0pt;"" dir=""ltr""><span style=""font-size: 13px; background-color: transparent; vertical-align: baseline; white-space: pre-wrap;"">Disponemos de un amplio programa de actividades a trav&eacute;s de las cuales podr&aacute;s profundizar en los conceptos y t&eacute;cnicas que ense&ntilde;a el M&eacute;todo DeRose. Semanalmente te enviaremos un </span><span style=""font-size: 13px; background-color: transparent; font-style: italic; vertical-align: baseline; white-space: pre-wrap;"">e-mail</span><span style=""font-size: 13px; background-color: transparent; vertical-align: baseline; white-space: pre-wrap;""> con la agenda de la Sede Belgrano; si no la recib&iacute;s, avisale a tu instructor.</span></p>
<p style=""text-align: justify; margin-top: 0pt; margin-bottom: 0pt;"" dir=""ltr""><span style=""font-size: 13px; background-color: transparent; vertical-align: baseline; white-space: pre-wrap;"">Paralelamente a las actividades de la escuela, contar&aacute;s con el seguimiento personalizado de tu instructor, con quien realizar&aacute;s las pr&aacute;cticas regulares, tanto en Iniciantes como en las etapas siguientes.</span></p>
<p style=""text-align: justify; margin-top: 0pt; margin-bottom: 0pt;"" dir=""ltr""><span style=""font-size: 13px; background-color: transparent; vertical-align: baseline; white-space: pre-wrap;"">Podr&aacute;s practicar sin restricciones durante el primer mes, para luego elegir tu horario e instructor.</span></p>
<br />
<p style=""text-align: justify; margin-top: 0pt; margin-bottom: 0pt;"" dir=""ltr""><span style=""font-size: 13px; background-color: transparent; font-weight: bold; vertical-align: baseline; white-space: pre-wrap;"">Pasaporte<br class=""kix-line-break"" /></span><span style=""font-size: 13px; background-color: transparent; vertical-align: baseline; white-space: pre-wrap;"">Cada vez que viajes podr&aacute;s participar de las actividades y pr&aacute;cticas en otras sedes en varios pa&iacute;ses y ciudades: New York, London, Paris, Roma, S&atilde;o Paulo, Lisboa, Barcelona, R&iacute;o de Janeiro, etc. (confirm&aacute; las direcciones en www.MetodoDeRose.org). </span></p>
<p style=""text-align: justify; margin-top: 0pt; margin-bottom: 0pt;"" dir=""ltr""><span style=""font-size: 13px; background-color: transparent; vertical-align: baseline; white-space: pre-wrap;"">Lo &uacute;nico que ten&eacute;s que hacer es avisar con anticipaci&oacute;n para que emitamos el pasaporte que te habilita para ello. </span></p>
<br /><span style=""font-size: 13px; background-color: transparent; font-weight: bold; vertical-align: baseline; white-space: pre-wrap;"">Gu&iacute;a de profesiones</span><br />
<p style=""text-align: justify; margin-top: 0pt; margin-bottom: 0pt;"" dir=""ltr""><span style=""font-size: 13px; background-color: transparent; vertical-align: baseline; white-space: pre-wrap;"">Te ofrecemos la op</span><span style=""font-size: 13px; color: #1f497d; background-color: transparent; vertical-align: baseline; white-space: pre-wrap;"">o</span><span style=""font-size: 13px; background-color: transparent; vertical-align: baseline; white-space: pre-wrap;"">rtunidad de divulgar tu trabajo a los dem&aacute;s alumnos de todas las escuelas del mundo y</span><span style=""font-size: 13px; color: #1f497d; background-color: transparent; vertical-align: baseline; white-space: pre-wrap;"">,</span><span style=""font-size: 13px; background-color: transparent; vertical-align: baseline; white-space: pre-wrap;""> adem&aacute;s, acceder desde donde te encuentres a profesionales de diversas &aacute;reas, mediante nuestra Gu&iacute;a de Profesiones: </span><a href=""about:blank""><span style=""font-size: 13px; color: #000000; background-color: transparent; text-decoration: none; vertical-align: baseline; white-space: pre-wrap;"">www.MetodoDeRose.org/gdp</span></a><span style=""font-size: 13px; background-color: transparent; vertical-align: baseline; white-space: pre-wrap;"">. </span></p>
<p style=""text-align: justify; margin-top: 0pt; margin-bottom: 0pt;"" dir=""ltr""><span style=""font-size: 13px; background-color: transparent; vertical-align: baseline; white-space: pre-wrap;"">Consult&aacute; con tu instructor para publicar tus servicios en este medio.</span></p>
<br />
<p style=""text-align: justify; margin-top: 0pt; margin-bottom: 0pt;"" dir=""ltr""><span style=""font-size: 13px; background-color: transparent; font-weight: bold; vertical-align: baseline; white-space: pre-wrap;"">Convenios</span></p>
<p style=""text-align: justify; margin-top: 0pt; margin-bottom: 0pt;"" dir=""ltr""><span style=""font-size: 13px; background-color: transparent; vertical-align: baseline; white-space: pre-wrap;"">El M&eacute;todo DeRose cuenta con convenios en varios establecimientos de diferentes rubros. Para recibir tu credencial de descuentos envianos via e-mail tu foto carnet.</span></p>
<p style=""text-align: justify; margin-top: 0pt; margin-bottom: 0pt;"" dir=""ltr""><span style=""font-size: 13px; background-color: transparent; vertical-align: baseline; white-space: pre-wrap;"">Entr&aacute; a </span><a href=""http://www.metododerose.com.ar/convenios.html""><span style=""font-size: 13px; color: #000000; background-color: transparent; text-decoration: none; vertical-align: baseline; white-space: pre-wrap;"">www.metododerose.com.ar/convenios.html</span></a><span style=""font-size: 13px; background-color: transparent; vertical-align: baseline; white-space: pre-wrap;""> para conocer tus beneficios.</span></p>
<br />
<p style=""text-align: justify; margin-top: 0pt; margin-bottom: 0pt;"" dir=""ltr""><span style=""font-size: 13px; background-color: transparent; font-weight: bold; vertical-align: baseline; white-space: pre-wrap;"">Gift card</span></p>
<p style=""text-align: justify; margin-top: 0pt; margin-bottom: 0pt;"" dir=""ltr""><span style=""font-size: 13px; background-color: transparent; vertical-align: baseline; white-space: pre-wrap;"">Queremos que te sientas como en tu casa. Por eso, siempre que lo desees podr&aacute;s traer invitados a nuestra escuela. Ellos tendr&aacute;n prioridad en las vacantes disponibles y vos contar&aacute;s con un beneficio en tu membres&iacute;a. Pod&eacute;s pedirle a tu instructor una tarjeta de recomendaci&oacute;n para obsequiar.</span></p>
<br />
<p style=""text-align: justify; margin-top: 0pt; margin-bottom: 0pt;"" dir=""ltr""><span style=""font-size: 13px; background-color: transparent; font-weight: bold; vertical-align: baseline; white-space: pre-wrap;"">Examen m&eacute;dico </span></p>
<p style=""text-align: justify; margin-top: 0pt; margin-bottom: 0pt;"" dir=""ltr""><span style=""font-size: 13px; background-color: transparent; vertical-align: baseline; white-space: pre-wrap;"">Para la revisaci&oacute;n en la Sede, agend&aacute; con un instructor/a la fecha y el horario de la cita con nuestra Dra. </span></p>
<p style=""text-align: justify; margin-top: 0pt; margin-bottom: 0pt;"" dir=""ltr""><span style=""font-size: 13px; background-color: transparent; vertical-align: baseline; white-space: pre-wrap;"">Para el examen con un m&eacute;dico particular, llev&aacute; la ficha de la escuela (no se aceptan certificados de otro tipo) y entreg&aacute;sela completada a tu instructor durante el primer mes. </span></p>
<p style=""text-align: justify; margin-top: 0pt; margin-bottom: 0pt;"" dir=""ltr""><span style=""font-size: 13px; background-color: transparent; vertical-align: baseline; white-space: pre-wrap;"">La revisaci&oacute;n m&eacute;dica tiene vigencia por un a&ntilde;o. Despu&eacute;s de este plazo, debe ser renovada. </span></p>
<br /><span style=""font-size: 13px; background-color: transparent; vertical-align: baseline; white-space: pre-wrap;"">&iexcl;Gracias por la confianza depositada en nosotros!</span><br /><br /><br />
<p style=""text-align: right; margin-top: 0pt; margin-bottom: 0pt;"" dir=""ltr""><span style=""font-size: 13px; background-color: transparent; font-weight: bold; vertical-align: baseline; white-space: pre-wrap;"">Luc&iacute;a Gagliardini y equipo de la Sede Belgrano</span></p>
</strong></h1>",2008-11-09 17:40:29 UTC,2014-07-24 14:37:36 UTC,bienvenida,2014-07-24 14:37:36 UTC,colonsergio@yahoo.es,1,http://metododerose.org/kshema/system/mail_headers/1/original/web2011.png?1302469769,""
50004,Clase de prueba,Para recordar la clase de prueba,Recordá tu clase de prueba,"<p><a href=""http://www.metododerose.com.ar/belgrano"" target=""_blank"">{{header}}</a></p>
<p>Te escribimos para recordarte que ma&ntilde;ana ten&eacute;s tu clase para probar la pr&aacute;ctica introductoria del M&eacute;todo DeRose a las {{clase_prueba.horario.hora}} hs.</p>
<p>El instructor de ese horario es {{clase_prueba.horario.instructor.nombre}} y va a estar esperandote. En caso de no poder concurrir te pedimos por favor que nos avises para reprogramarla.</p>
<p>Cualquier cosa que necesites comunicate por mail o telef&oacute;nicamente al 4785-4882.<br />Saludos,</p>
<p align=""right""><strong>Equipo de la Sede Belgrano</strong><br /> M&eacute;todo DeRose<br /> Sede Belgrano - Argentina<br /> <br /> Av. Luis M. Campos 1395<br /> Tel. (011) 4785-4882<br />www.metododerose.org/belgrano</p>",2008-11-10 04:11:50 UTC,2013-07-30 08:18:18 UTC,remind_prueba,2013-07-30 08:18:18 UTC,mctomasini@hotmail.com,1,http://metododerose.org/kshema/system/mail_headers/1/original/web2011.png?1302469769,""
50010,Mail para visita P que NO tiene clase de prueba,"Este mail se le envia a las visitas P que vinieron a la unidad y no arreglaron una clase de prueba.

NO LO ESTAMOS USANDO, EL SEGUIMIENTO SE HACE TELEFONICAMENTE",Método DeRose,"<p><a href=""http://www.metododerose.com.ar/belgrano"" target=""_blank"">{{header}}</a></p>
<p>Hola {{persona.nombre_completo}},</p>
<p>Agradecemos mucho tu visita a la Sede Belgrano del M&eacute;todo DeRose. Para ampliar la informaci&oacute;n que recibiste, pod&eacute;s entrar a nuestros sites, en los que podr&aacute;s hacer free download de libros y Cds de pr&aacute;ctica.</p>
<p>www.MetodoDeRose.org/belgrano</p>
<p>Te esperamos para que comiences con tus clases de Iniciantes.</p>
<p>&iexcl;Nos gustar&iacute;a verte pronto practicando en nuestra casa!</p>
<p>Te saluda,</p>
<p align=""right""><strong>Equipo de la Sede Belgrano<br /></strong>M&eacute;todo DeRose</p>
<p align=""right"">Sede Belgrano - Argentina<br /> <br /> Av. Luis M. Campos 1395<br /> Tel. (011) 4785-4882<br /> www.metododerose.org/belgrano</p>",2008-11-12 18:55:22 UTC,2011-08-08 18:04:34 UTC,,2011-01-13 21:20:52 UTC,mciminieri@gmail.com,1,http://metododerose.org/kshema/system/mail_headers/1/original/web2011.png?1302469769,""
50015,Mail para TELEvisita P - ENVIAR SIEMPRE,"Este mail se le envia a las televisitas P 

",Método DeRose,"<p><a href=""http://www.metododerose.com.ar/belgrano"" target=""_blank"">{{header}}</a></p>
<p>Hola {{persona.nombre_completo}}:</p>
<p>
<p style=""margin-right: 0.04cm; margin-bottom: 0cm; font-style: normal;"" align=""LEFT""><span style=""color: #000000;""><span style=""font-family: 'Times New Roman', serif;""><span style=""font-size: small;"">Gracias por habernos contactado. En este e-mail encontrar&aacute;s informaci&oacute;n sobre el M&eacute;todo DeRose. Para poder explicarte en forma m&aacute;s detallada sobre horarios, disponibilidad de vacantes y valores, es mejor que pases a visitarnos.</span></span></span></p>
<p style=""font-style: normal; widows: 2; orphans: 2;"" align=""LEFT""><span style=""color: #000000;""><span style=""font-family: 'Times New Roman', serif;""><span style=""font-size: small;"">&iexcl;Esperamos verte pronto practicando con nosotros!</span></span></span></p>
<p style=""margin-right: 0.04cm; margin-bottom: 0cm;"" align=""LEFT"">&nbsp;</p>
<p style=""margin-bottom: 0cm;"" align=""LEFT""><span style=""font-family: 'Times New Roman', serif;""><span style=""font-size: small;""><strong>M&eacute;todo DeRose</strong></span></span></p>
<p style=""margin-bottom: 0cm;"" align=""LEFT""><span style=""font-family: 'Times New Roman', serif;""><span style=""font-size: small;"">El M&eacute;todo DeRose es una propuesta de calidad de vida que consiste en t&eacute;cnicas y conceptos, recomendables para p&uacute;blico de ambos sexos. </span></span></p>
<p style=""margin-bottom: 0cm;"" align=""LEFT""><span style=""font-family: 'Times New Roman', serif;""><span style=""font-size: small;"">En un primer momento aplicamos la reeducaci&oacute;n respiratoria, las t&eacute;cnicas org&aacute;nicas, ejercicios de concentraci&oacute;n y de administraci&oacute;n del estr&eacute;s. Despu&eacute;s, a medida que el practicante se va familiarizando con la propuesta, comienza a conocer los conceptos, que consisten en la reeducaci&oacute;n comportamental, buena forma, buena alimentaci&oacute;n, buenas relaciones humanas, integraci&oacute;n en la familia, en el trabajo, en el deporte, en fin, en su vida real. El alumno pasar&aacute; un tiempo familiariz&aacute;ndose con las t&eacute;cnicas. Despu&eacute;s, asimilar&aacute; la filosof&iacute;a comportamental.</span></span></p>
<p style=""margin-bottom: 0cm;"" align=""LEFT"">&nbsp;</p>
<p style=""margin-bottom: 0cm;"" align=""LEFT""><span style=""font-family: 'Times New Roman', serif;""><span style=""font-size: small;""><strong>Nuestra casa</strong></span></span></p>
<p style=""margin-bottom: 0cm;"" align=""LEFT""><span style=""font-family: 'Times New Roman', serif;""><span style=""font-size: small;"">Nuestra Casa es un espacio de cultura y bienestar. Un ambiente donde podr&aacute; participar de charlas, cursos y <em>workshops</em> sobre comportamiento, gastronom&iacute;a, etiqueta y filosof&iacute;a oriental, as&iacute; como tomar clases de respiraci&oacute;n, relajaci&oacute;n, meditaci&oacute;n, mantras, t&eacute;cnicas org&aacute;nicas, tanto en grupo como con <em>personal trainer</em>.</span></span></p>
<p style=""margin-bottom: 0cm;"" align=""LEFT"">&nbsp;</p>
<p style=""margin-bottom: 0cm;"" align=""LEFT""><span style=""font-family: 'Times New Roman', serif;""><span style=""font-size: small;""><strong>Nuestra red <em>all over the world</em> </strong></span></span></p>
<p style=""margin-bottom: 0cm;"" align=""LEFT""><span style=""font-family: 'Times New Roman', serif;""><span style=""font-size: small;"">Cientos de escuelas independientes adoptan el M&eacute;todo DeRose en Francia, Inglaterra, Escocia, Italia, Espa&ntilde;a, Portugal, en fin, en la mayor&iacute;a de los pa&iacute;ses de Europa Occidental y tambi&eacute;n en los Estados Unidos (incluso en Hawai), Brasil, Argentina, Chile, etc. Si usted se inscribe en cualquiera de nuestras Unidades Acreditadas, tendr&aacute; derecho a frecuentar otras cuando est&eacute; de viaje, siempre que demuestre estar al d&iacute;a con su Unidad de origen y presente los documentos solicitados (beneficio sujeto a disponibilidad de vacantes). </span></span></p>
<p style=""margin-top: 0.64cm; margin-bottom: 0cm;"" align=""LEFT""><span style=""font-family: 'Times New Roman', serif;""><span style=""font-size: small;""><strong>Nuestros instructores</strong></span></span></p>
<p style=""margin-bottom: 0cm;"" align=""LEFT""><span style=""font-family: 'Times New Roman', serif;""><span style=""font-size: small;"">Garantizamos la excelencia t&eacute;cnica de nuestros instructores. Los profesionales que formamos tienen certificado de habilitaci&oacute;n expedido por una Universidad Federal, Estatal, Cat&oacute;lica u otra buena universidad privada, en el nivel de extensi&oacute;n universitaria. <span style=""color: #000000;"">En Argentina, con la Universidad Tecnol&oacute;gica Nacional. </span><span style=""text-decoration: underline;"">Son evaluados y revalidados anualmente por la Federaci&oacute;n del Estado</span>. Se dan clases en espa&ntilde;ol, portugu&eacute;s, franc&eacute;s, ingl&eacute;s y otras lenguas.</span></span></p>
<p style=""margin-bottom: 0cm;"" align=""LEFT"">&nbsp;</p>
<p align=""LEFT""><span style=""font-family: 'Times New Roman', serif;""><span style=""font-size: small;"">Para conocer m&aacute;s, visit&aacute; nuestro site; en el que podr&aacute;s hacer free download de libros y Cds de pr&aacute;ctica: www.MetodoDeRose.org/Belgrano</span></span></p>
<p align=""LEFT""><span style=""color: #000000;"">&nbsp;</span></p>
<p align=""RIGHT""><strong><span style=""color: #000000;""><span style=""font-family: 'Times New Roman', serif;""><span style=""font-size: small;""><span style=""font-style: normal;""><strong>Equipo de la Sede Balegrano</strong></span></span></span></span></strong></p>
<p style=""font-style: normal;"" align=""RIGHT""><span style=""color: #000000;""><span style=""font-family: 'Times New Roman', serif;""><span style=""font-size: small;"">M&eacute;todo DeRose<br />Sede Belgrano - Argentina<br /><br />Av. Luis M. Campos 1395<br />Tel. (011) 4785-4882<br />www.MetodoDeRose.org/Belgrano</span></span></span></p>
</p>",2008-11-12 19:34:18 UTC,2013-04-09 20:19:12 UTC,,2013-04-09 20:19:12 UTC,vickycabo@gmail.com,1,http://metododerose.org/kshema/system/mail_headers/1/original/web2011.png?1302469769,""
50016,Mail para visita FP ,"Este mail se le envia a las visitas FP.

",Método DeRose,"<p><a href=""http://www.metododerose.com.ar/belgrano"" target=""_blank"">{{header}}</a></p>
<p>Estimad{{persona.a_u_o}} {{persona.nombre_completo}}:</p>
<p>Muchas gracias por visitarnos. Como te contamos las vacantes para practicar en nuestra escuela son limitadas y en este momento todos los horarios se encuentran llenos. Te recomendamos entrar a nuestros sites, www.metododerose.org/belgrano y www.metododerose.org en los que podr&aacute;s hacer free download de libros y Cds de pr&aacute;ctica, de esta manera vas a poder ampliar la informaci&oacute;n que recibiste en nuestra casa.</p>
<p>Por cualquier consulta estamos a tu disposici&oacute;n, no dudes en comunicarte por tel&eacute;fono o respondiendo este e-mail.</p>
<p>Un saludo del equipo de instructores.</p>
<p>&nbsp;</p>
<p align=""right"">Sede Belgrano - Argentina<br />M&eacute;todo DeRose 	<br /> Av. Luis M. Campos 1395<br /> Tel. (011) 4785-4882<br />www.metododerose.org/belgrano</p>",2008-11-12 20:06:00 UTC,2010-10-25 03:21:42 UTC,,2010-03-11 15:53:48 UTC,gracielaymartin@gmail.com,1,http://metododerose.org/kshema/system/mail_headers/1/original/web2011.png?1302469769,""
50018,Feliz Cumpleaños [alumno],Mail para el cumpleaños del alumno,¡Feliz Cumpleaños!,"<p><img src=""http://derosebelgrano.com.ar/wp-content/uploads/2013/03/cumplea&ntilde;os.jpg"" alt=""cumplea&ntilde;os"" width=""472"" height=""789"" /></p>",2009-02-19 11:42:07 UTC,2014-08-05 08:18:12 UTC,birthday_alumnos,2014-08-05 08:18:12 UTC,bzsilvi@yahoo.com,1,http://metododerose.org/kshema/system/mail_headers/1/original/web2011.png?1302469769,""
50020,Falló débito,"Mail para enviar a personas a las que les cobramos nosotros de forma automática (débito,crédito,etc) pero tuvimos un error al hacerlo.",Falló el débito de tu mensualidad,"<p><a href=""http://www.metododerose.com.ar/belgrano"" target=""_blank"">{{header}}</a></p>
<p>Hola {{persona.nombres}},</p>
<p>&nbsp;&nbsp;Este mes fall&oacute; el d&eacute;bito de tu cuota.</p>
<p>&nbsp;&nbsp;Te agradecer&iacute;amos que te acerques a la recepci&oacute;n la pr&oacute;xima vez que est&eacute;s en la sede para realizar el pago.</p>
<p>&nbsp;&nbsp;Desde ya muchas gracias y un abrazo grande</p>
<p style=""text-align: right;""><strong>La Administraci&oacute;n</strong></p>
<p style=""text-align: right;"">Sede Belgrano</p>
<p style=""text-align: right;"">4785.4882<br />www.metododerose.org/belgrano<br /></p>",2010-01-20 14:09:17 UTC,2011-04-25 16:27:17 UTC,,2011-04-25 16:27:17 UTC,beatriz.olleta@gmail.com,1,http://metododerose.org/kshema/system/mail_headers/1/original/web2011.png?1302469769,""
50023,Mail rematriculación,Mail para enviar a los alumnos que tienen que pagar la rematriculación,Matricula de este año,"<p><a href=""http://www.metododerose.com.ar/belgrano"" target=""_blank"">{{header}}</a></p>
<p>Hola {{persona.nombre}},</p>
<p>Se cumple un nuevo a&ntilde;o de tu presencia en nuestra escuela y nos alegra que sigas con nosotros. Para que continuemos mejorando nuestros servicios, te pedimos que nos des tu opini&oacute;n sobre algunos t&oacute;picos respondiendo a la siguiente encuesta: <span style=""color: windowtext;""><a href=""https://spreadsheets.google.com/viewform?formkey=dFM5VjhYcFBfSlpKNWNQTjZ5OTlUUEE6MQ"" target=""_blank"">click aqu&iacute;</a></span>.</p>
<p>Te recordamos que este mes se te debitar&aacute; la matr&iacute;cula anual, equivalente a $230, valor que incluye el chequeo m&eacute;dico que podr&aacute;s realizar en la escuela con nuestro m&eacute;dico recomendado.</p>
<p>Agradecemos tu participaci&oacute;n y te saludamos afectuosamente,</p>
<p style=""text-align: right;"" align=""right""><strong>Luc&iacute;a Gagliardini<br /></strong><strong>Directora General<br /></strong>Sede Belgrano</p>
<p style=""text-align: right;"" align=""right""><a href=""../../../belgrano"" target=""_blank"">www.metododerose.org/belgrano</a><br /> 4785.4882</p>",2010-01-20 14:15:12 UTC,2013-06-04 18:16:19 UTC,,2013-06-04 18:16:19 UTC,ornellavecchio@gmail.com,1,http://metododerose.org/kshema/system/mail_headers/1/original/web2011.png?1302469769,""
1650010,Encuesta Satisfacción en la entrevista ,Encuesta sobre la satisfacción del prospect con la atención en la entrevista.,Gracias por tu visita,"<p><a href=""http://www.metododerose.com.ar/belgrano"" target=""_blank"">{{header}}</a></p>
<p>&nbsp;</p>
<p>{{persona.nombre_completo}},</p>
<p>Agradecemos mucho tu visita a la Sede Belgrano del M&eacute;todo DeRose. Para ampliar la informaci&oacute;n que recibiste, pod&eacute;s entrar a nuestro site, en el que podr&aacute;s hacer free download de libros y Cds de pr&aacute;ctica.</p>
<p>www.metododerose.org/belgrano</p>
<p>Si te interesa conocer m&aacute;s sobre el M&eacute;todo DeRose, acced&eacute; a las clases abiertas por Internet, dictadas por el propio DeRose, en www.metododerose.org.&nbsp;</p>
<p>Nos interesa tu opini&oacute;n sobre c&oacute;mo fuiste atendido, por favor dedic&aacute; menos de cinco minutos para contestar esta encuesta de satisfacci&oacute;n: <a href=""https://spreadsheets.google.com/viewform?hl=en&amp;pli=1&amp;formkey=dDhqVzROdFJPSFF5WHFBMlJSRVhiWFE6MQ#gid=0"">click aqu&iacute;</a></p>
<div><br /></div>
<div><strong>Sede Belgrano</strong></div>
<div><strong>M&eacute;todo DeRose</strong></div>
<div><strong>4785.4882</strong></div>
<div><br /></div>
<div>Agreg&aacute;nos en Facebook!</div>
<div>facebook.com/derosebelgrano</div>",2010-03-16 19:23:44 UTC,2013-10-22 16:20:36 UTC,post_visita,2013-10-22 16:20:36 UTC,belenan.ba@gmail.com,1,http://metododerose.org/kshema/system/mail_headers/1/original/web2011.png?1302469769,""
1650013,Encuesta para prospects que no se inscribieron,Para enviar 1 mes después de la visita si no se inscribió.,¿En qué podríamos mejorar?,"<p>
<p>Con el fin de mejorar nuestros servicios te agradeceremos que respondas 5 breves preguntas.</p>
<p>Te tomar&aacute; menos de 5 minutos.</p>
<p><a href=""https://spreadsheets.google.com/viewform?formkey=dFdubnZKcC0wZnY5Zkw3MHlSay1Qb2c6MQ  "">Click aqu&iacute; para contestar</a></p>
<p>&nbsp;</p>
<p>Desde ya muchas gracias.</p>
</p>",2010-03-16 19:45:44 UTC,2010-11-18 00:01:47 UTC,,2010-05-14 16:24:55 UTC,simonamona@gmail.com,1,http://metododerose.org/kshema/system/mail_headers/1/original/web2011.png?1302469769,""
1650086,prueba,solo una prueba,prueba,"<p><span style=""border-collapse: collapse; font-family: arial, sans-serif; font-size: 13px;""><span style=""font-family: Verdana, Arial, Helvetica, sans-serif; font-size: 10px;""> </span></span></p>
<p class=""MsoNormal"" style=""margin-top: 6pt; margin-right: 0px; margin-bottom: 0px; margin-left: 0px;""><strong><span style=""font-size: 14pt; font-family: 'Times New Roman', serif;"">Ol&aacute; {{persona.nombres}},</span></strong></p>
<p class=""MsoNormal"" style=""margin-top: 6pt; margin-right: 0px; margin-bottom: 0px; margin-left: 0px; text-align: left;""><span style=""font-size: 14pt; font-family: 'Times New Roman', serif;"">Conforme combinamos, gostaria de lembrar voc&ecirc; marcou sua aula experimental no dia&nbsp;</span><span style=""font-size: 14pt; font-family: 'Times New Roman', serif;"">{{clase_prueba.dia}} &agrave;s&nbsp;</span><span style=""font-size: 14pt; font-family: 'Times New Roman', serif;"">{{clase_prueba.horario.hora}}</span><span style=""font-size: 14pt; font-family: 'Times New Roman', serif;""><span style=""font-size: 11px; white-space: pre-wrap; font-family: 'lucida grande', tahoma, verdana, arial, sans-serif; color: #333333;""> </span>no&nbsp;<a style=""color: #0000cc;"" href=""http://www.metododeroseleblon.com/"" target=""_blank""><span style=""color: blue;"">M&eacute;todo DeRose Leblon</span></a>. Voc&ecirc; far&aacute; aula com&nbsp;</span><span style=""font-size: 14pt; font-family: 'Times New Roman', serif;"">{{clase_prueba.horario.instructor.nombre}}</span><span style=""font-family: 'Times New Roman', serif; font-size: 19px;"">.</span></p>
<p class=""MsoNormal"" style=""margin-top: 6pt; margin-right: 0px; margin-bottom: 0px; margin-left: 0px; text-align: justify;""><span style=""font-size: 14pt; font-family: 'Times New Roman', serif;"">Confirme a sua presen&ccedil;a respondendo este email.</span></p>
<p class=""MsoNormal"" style=""margin-top: 6pt; margin-right: 0px; margin-bottom: 0px; margin-left: 0px; text-align: justify;""><span style=""font-size: 14pt; font-family: 'Times New Roman', serif;"">Traga uma roupa confort&aacute;vel para praticar. Espero que voc&ecirc; goste bastante, qualquer d&uacute;vida entre em contato.</span></p>
<p class=""MsoNormal"" style=""margin-top: 6pt; margin-right: 0px; margin-bottom: 0px; margin-left: 0px; text-align: justify;""><span style=""font-size: 14pt; font-family: 'Times New Roman', serif;"">Atenciosamente,</span></p>
<p class=""MsoNormal"" style=""margin-top: 6pt; margin-right: 0px; margin-bottom: 0px; margin-left: 0px; text-align: justify;""><span style=""font-family: 'Times New Roman', serif; font-size: 19px;"">{{clase_prueba.horario.instructor.nombre}}</span></p>
<p class=""MsoNormal"" style=""margin-top: 6pt; margin-right: 0px; margin-bottom: 0px; margin-left: 0px; line-height: 15px;""><strong><span style=""font-size: 14pt; line-height: 28px; font-family: 'Times New Roman', serif;"">{{clase_prueba.horario.instructor.firma</span></strong><strong><span style=""font-size: 14pt; line-height: 28px; font-family: 'Times New Roman', serif;"">}}</span></strong></p>
<p class=""MsoNormal"" style=""margin-top: 6pt; margin-right: 0px; margin-bottom: 0px; margin-left: 0px; line-height: 15px;""><span style=""font-family: 'Times New Roman', serif; font-size: 19px; line-height: normal;""><strong>{{clase_prueba.horario.instructor.nombre}}</strong></span></p>
<p class=""MsoNormal"" style=""margin-top: 6pt; margin-right: 0px; margin-bottom: 0px; margin-left: 0px; line-height: 15px;""><strong><span style=""font-size: 14pt; line-height: 28px; font-family: 'Times New Roman', serif;"">Rua Dias Ferreira 259, cobertura<br /><a style=""color: #0000cc;"" href=""tel:%2821%292259-8243"" target=""_blank"">(21)2259-8243</a></span></strong><br /><span style=""font-size: 14pt; line-height: 28px; font-family: 'Times New Roman', serif;""><a style=""color: #0000cc;"" href=""http://www.metododerose.org/"" target=""_blank""><span style=""color: blue;"">www.MetodoDeRose.org</span></a></span></p>
<p class=""MsoNormal"" style=""margin-top: 6pt; margin-right: 0px; margin-bottom: 0px; margin-left: 0px; line-height: 15px;""><span><span style=""font-size: 14pt; line-height: 28px; font-family: 'Times New Roman', serif;""><span style=""color: blue;""><a style=""color: #0000cc;"" href=""http://www.metododerose.org/"" target=""_blank"">www.MetodoDeRoseLeblon.org</a></span></span></span></p>
<div><span><span style=""font-size: 14pt; line-height: 28px; font-family: 'Times New Roman', serif;""><br /></span></span></div>
<p>&nbsp;</p>",2011-09-07 18:21:04 UTC,2011-09-10 14:37:05 UTC,,,,1,http://metododerose.org/kshema/system/mail_headers/1/original/web2011.png?1302469769,""
