id,persona_id,fecha,notas,grado_id,school_id,instructor_id,reasons
50001,50048,2008-03-18,Se fue por un viaje,aspirante,1,pablo.lewin,""
50002,50019,2008-03-18,Se fue de viaje,sádhaka,1,alex.falke,""
50003,50069,2008-03-18,"Se fue de viaje.
dice lopez que no es por viaje, que es por tiempo. y tambien identificaciÃ³n, claro. porque por tiempo, si uno estÃ¡ ideantificado, se hace tiempo para practicar. claro.",aspirante,1,lucia.gagliardini,""
50004,50066,2008-03-18,razones de fuerza mayor,aspirante,1,gabriel.abraham,""
50005,50117,2008-05-01,se va de viaje,sádhaka,1,gabriel.abraham,""
50007,50103,2008-04-07,"",aspirante,1,lucia.lopez,""
50008,50081,2008-04-30,cambiÃ³ de trabajo e iba a venir a las 20hs pero nunca vino en ese horario.,sádhaka,1,dwayne.macgowan,""
50009,50137,2008-04-01,volviÃ³ a brasil,sádhaka,1,daniel.fersztand,""
50010,50141,2008-04-01,"",aspirante,1,daniel.fersztand,""
50011,50044,2008-04-01,por trabajo interrumpe 2 meses,sádhaka,1,daniel.fersztand,""
50012,50135,2008-03-01,"",aspirante,1,daniel.fersztand,""
50013,50075,2008-04-01,interrumpe por 2 meses,sádhaka,1,daniel.fersztand,""
50014,50086,2008-05-01,nunca practicÃ³,aspirante,1,daniel.fersztand,""
50016,50123,2008-04-10,viaje,aspirante,1,lucia.gagliardini,""
50017,50131,2008-04-10,"",aspirante,1,gabriel.abraham,""
50018,50132,2008-05-14,"",aspirante,1,gabriel.abraham,""
50019,50080,2008-05-14,Esta trabajando doble turno y terminando la carrera. No tiene tiempo de venir. LLamar otra vez en JULIO-08.,sádhaka,1,dwayne.macgowan,""
50020,50009,2008-06-01,"extranjera, Ãºltimo tiempo en argentina y quiere hacer otras cosas.",aspirante,1,dwayne.macgowan,""
50021,50071,2008-06-01,hipocondrÃ­aca,aspirante,1,lucia.gagliardini,""
50022,50205,2008-05-26,estÃ¡ complicada con el trabajo. horarios.,aspirante,1,lucia.gagliardini,""
50023,50093,2008-05-26,"",aspirante,1,lucia.gagliardini,""
50024,50108,2008-07-01,"atareada, trabajo",sádhaka,1,pablo.lewin,""
50025,50042,2008-06-01,Tiene ataques de pÃ¡nico y no sale de la casa. AdemÃ¡s problemas de plata asÃ­ que no va a seguir pagando. Quiere retomar mÃ¡s adelante. llamar!,aspirante,1,dwayne.macgowan,""
50026,50176,2008-06-01,tiempo,sádhaka,1,dwayne.macgowan,""
50027,50172,2008-06-02,vuelve a barrio norte,aspirante,1,lucia.lopez,""
50028,50180,2008-06-02,"",aspirante,1,gabriel.abraham,""
50029,50004,2008-06-02,"",aspirante,1,gabriel.abraham,""
50030,50133,2008-06-02,tiempo,aspirante,1,gabriel.abraham,""
50031,50175,2008-06-03,terminÃ³ su plan y se vuelve a USA.,aspirante,1,dwayne.macgowan,""
50032,50160,2008-06-01,extranjera,aspirante,1,daniel.fersztand,""
50033,50003,2008-07-01,embarazo,aspirante,1,pablo.lewin,""
50034,50107,2008-06-01,"",aspirante,1,pablo.lewin,""
50035,50036,2008-06-01,"",aspirante,1,pablo.lewin,""
50036,50091,2008-07-01,muy complicado de tiempos,aspirante,1,dwayne.macgowan,""
50037,50124,2008-06-16,"",sádhaka,1,lucia.gagliardini,""
50038,50169,2008-06-23,deja por tiempo,aspirante,1,gabriel.abraham,""
50039,50173,2008-08-01,"cancelo su plan hoy 24 de junio por telefono con dwayne
por tiempo
paga diferencia de trimestral a mensual en junio",aspirante,1,gabriel.abraham,""
50040,50174,2008-06-25,Se estÃ¡ mudando y no hace a tiempo de venir al mediodia y a la noche tambiÃ©n se le complica. Vuelve despuÃ©s de las vacaciones de invierno.,sádhaka,1,dwayne.macgowan,""
50041,50061,2008-07-02,"",aspirante,1,dwayne.macgowan,""
50042,50171,2008-06-29,<p>no sabemos motivo. no era muy perfil. era novio de Florencia A.</p>,aspirante,1,gabriel.abraham,""
50043,50170,2008-06-29,<p>no era muy perfil. novia de francisco di raimondo</p>,aspirante,1,gabriel.abraham,""
50044,50165,2008-06-29,"",aspirante,1,gabriel.abraham,""
50045,50208,2008-07-08,"",aspirante,1,gabriel.abraham,""
50046,50464,2008-07-14,"",sádhaka,1,lucia.gagliardini,""
50047,50088,2008-07-17,ex alumna. Creo que dejo por tiempo. La prÃ¡ctica le encanta y para mi va a volver.,aspirante,1,lucia.gagliardini,""
50048,50008,2008-07-17,vive lejos y estÃ¡ con quilombo de laburo y un esguinse en la mano. Adora la prÃ¡ctica.,sádhaka,1,lucia.gagliardini,""
50049,50146,2008-07-17,identificaciÃ³n,aspirante,1,lucia.gagliardini,""
50050,50058,2008-07-17,?,yôgin,1,lucia.gagliardini,""
50051,50204,2008-08-01,se vuelve a vivir a chile,aspirante,1,dwayne.macgowan,""
50052,50195,2008-08-01,"",aspirante,1,dwayne.macgowan,""
50053,50055,2008-08-04,<p>Todav&iacute;a tengo que hablar con ella pero por ahora no va a practicar m&aacute;s. Identificaci&oacute;n.</p>,asistente,1,lucia.gagliardini,""
50054,50127,2008-08-04,<p>Est&aacute; sin tiempo.</p>,sádhaka,1,gabriel.abraham,""
50055,50260,2008-08-04,<p>practic&oacute; una sola vez. Dejo por no tener tiempo.</p>,aspirante,1,lucia.gagliardini,""
50056,50046,2008-07-30,"",aspirante,1,alex.falke,""
50057,50050,2008-07-30,"",aspirante,1,daniel.fersztand,""
50059,50285,2008-08-01,<p>motivo: problema de salud</p>,aspirante,1,gabriel.abraham,""
50060,50214,2008-08-01,<p>motivo: fp</p>,aspirante,1,gabriel.abraham,""
50061,50234,2008-09-01,<p>Motivo: vuelve a su pais eeuu</p>,aspirante,1,lucia.gagliardini,""
50062,50148,2008-08-01,<p>motivo: se fue a francia</p>,aspirante,1,lucia.gagliardini,""
50063,50038,2008-09-01,<p>motivo: operaci&oacute;n</p>,aspirante,1,daniel.fersztand,""
50064,50078,2008-08-01,<p>motivo: trabajo. le costaba mucho</p>,aspirante,1,daniel.fersztand,""
50065,50190,2008-10-01,<p>motivo: inconsante. vino solo 5 clases</p>,aspirante,1,pablo.lewin,""
50066,50104,2008-08-22,<p>viaje</p>,sádhaka,1,lucia.lopez,""
50067,50273,2008-10-01,<p>problemas de salud</p>,aspirante,1,lucia.lopez,""
50068,50052,2008-08-01,<p>no tiene tiempo</p>,sádhaka,1,lucia.gagliardini,""
50069,50099,2008-08-01,<p>desapareci&oacute;. no la pudimos vovler a ubicar.</p>,sádhaka,1,pablo.lewin,""
50070,50053,2008-08-01,<p>motivo : no tiene tiempo. quiere seguir practicando</p>,aspirante,1,alex.falke,""
50071,50110,2008-08-01,<p>motivo: viaje</p>,sádhaka,1,alex.falke,""
50072,50013,2008-09-01,<p>motivo: identificaci&oacute;n</p>,graduado,1,lucia.gagliardini,""
50073,50082,2008-09-01,<p>motivo: es chiquita. crisis personal.</p>,sádhaka,1,lucia.gagliardini,""
50074,50206,2008-09-01,<p>motivo: desorganizaci&oacute;n</p>,sádhaka,1,gabriel.abraham,""
50075,50142,2008-09-01,<p>motivo: ?</p>,aspirante,1,dwayne.macgowan,""
50076,50136,2008-09-01,<p>motivo: canje vencido</p>,aspirante,1,daniel.fersztand,""
50077,50116,2008-09-01,<p>motivo: ?</p>,aspirante,1,dwayne.macgowan,""
50078,50203,2008-10-01,<p>motivo: inconstancia</p>,sádhaka,1,gabriel.abraham,""
50079,50095,2008-10-01,<p>motivo: viajes y tiempo</p>,aspirante,1,gabriel.abraham,""
50080,50060,2008-10-01,<p>motivo: cambia de sede</p>,sádhaka,1,guido.morando,""
50081,50242,2008-11-01,<p>motivo: tiempo</p>,aspirante,1,dwayne.macgowan,""
50082,50161,2008-10-01,<p>motivo: tiempo</p>,aspirante,1,lucia.gagliardini,""
50083,50012,2008-10-01,<p>motivo: dinero</p>,aspirante,1,lucia.gagliardini,""
50084,50200,2008-10-01,<p>motivo: distancia</p>,sádhaka,1,lucia.gagliardini,""
50085,50265,2008-10-01,<p>motivo: identificacion</p>,aspirante,1,dwayne.macgowan,""
50086,50271,2008-11-01,<p>motivo: salud</p>,aspirante,1,lucia.gagliardini,""
50087,50376,2008-11-01,<p>motivo: tiempo</p>,aspirante,1,lucia.gagliardini,""
50088,50207,2008-12-01,<p>motivo: extranjera</p>,sádhaka,1,gabriel.abraham,""
50089,50310,2008-10-01,<p>Motivo: ?</p>,aspirante,1,lucia.lopez,""
50090,50397,2008-11-01,<p>motivo: extranjera</p>,aspirante,1,lucia.lopez,""
50091,50400,2008-10-01,<p>motivo: falta de tiempo. dificultad de organizarse</p>,aspirante,1,daniel.fersztand,""
50093,50153,2008-11-01,<p>Motivo: vive muy lejos.</p>,aspirante,1,gabriel.abraham,""
50094,50084,2008-10-01,<p>motivo: salud</p>,aspirante,1,gabriel.abraham,""
50095,50165,2008-10-01,<p>motivo: operaci&oacute;n</p>,aspirante,1,gabriel.abraham,""
50096,50098,2008-10-01,<p>motivo: falta de organizacion</p>,aspirante,1,pablo.lewin,""
50097,50295,2008-11-01,<p>motivo: identificacion</p>,aspirante,1,gabriel.abraham,""
50098,50474,2008-11-01,<p>motivo: ?</p>,aspirante,1,lucia.gagliardini,""
50099,50453,2008-11-01,<p>motivo: ?</p>,aspirante,1,gabriel.abraham,""
50100,50433,2008-10-01,<p>motivo: ?</p>,aspirante,1,lucia.gagliardini,""
50101,50168,2008-12-01,<p>motivo: ?</p>,sádhaka,1,gabriel.abraham,""
50102,50431,2008-12-01,<p>motivo: extranjera</p>,aspirante,1,pablo.lewin,""
50103,50418,2008-12-01,<p>motivo: salud</p>,aspirante,1,gabriel.abraham,""
50104,50113,2008-12-01,<p>motivo: extranjera</p>,sádhaka,1,gabriel.abraham,""
50105,50201,2008-11-01,<p>motivo: inestabilidad</p>,graduado,1,lucia.gagliardini,""
50106,50088,2008-11-01,<p>motivo: identificacion</p>,aspirante,1,lucia.gagliardini,""
50107,50411,2008-12-01,<p>motivo: falta de interes</p>,aspirante,1,dwayne.macgowan,""
50108,50096,2008-11-01,<p>motivo: embarazo</p>,aspirante,1,daniela.massa,""
50109,50405,2008-12-01,<p>motivo: plata y vacaciones</p>,aspirante,1,pablo.lewin,""
50110,50410,2008-12-01,<p>motivo: plata y vacaciones</p>,aspirante,1,pablo.lewin,""
50111,50493,2008-12-01,<p>motivo: nunca vino</p>,aspirante,1,lucia.gagliardini,""
50112,50386,2008-12-01,<p>motivo: extranjera</p>,aspirante,1,daniel.fersztand,""
50113,50292,2009-01-01,<p>motivo: no sabemos</p>,aspirante,1,lucia.gagliardini,""
50114,50274,2008-12-01,<p>motivo: tiempo y salud</p>,aspirante,1,pablo.lewin,""
50115,50427,2009-02-01,<p>motivo: mudanza</p>,aspirante,1,lucia.gagliardini,""
50116,50296,2009-01-01,<p>motivo: mudanza</p>,aspirante,1,gabriel.abraham,""
50117,50369,2008-12-01,<p>motivo: tiempo</p>,aspirante,1,gabriel.abraham,""
50118,50028,2009-01-01,<p>motivo: salud. Es FP</p>,aspirante,1,daniel.fersztand,""
50119,50034,2008-12-01,<p>motivo: tiempo</p>,aspirante,1,daniel.fersztand,""
50120,50063,2008-12-01,<p>motivo: tiempo</p>,aspirante,1,daniel.fersztand,""
50121,50565,2008-12-01,<p>motivo: identificacion</p>,aspirante,1,daniel.fersztand,""
50122,50558,2008-12-01,<p>motivo: identificacion</p>,aspirante,1,daniel.fersztand,""
50123,50586,2008-12-01,<p>motivo: tom&oacute; a penas dos clases. Fidelizaci&oacute;n. Quer&iacute;a practicar conmigo- Luch&iacute;a y por distintas razones practic&oacute; con otros. Remplazos m&iacute;os y temas de horario de ella.</p>,aspirante,1,lucia.gagliardini,""
50124,50595,2008-12-01,<p>Motivos de evaci&oacute;n:&nbsp; Falta de fidelizaci&oacute;n. Tom&oacute; dos clases. Quer&iacute;a practicar conmigo( Luch&iacute;a) y justo me remplazaron y no le daban los horarios.</p>,aspirante,1,lucia.gagliardini,""
50125,50479,2009-01-01,<p>Motivo de evasi&oacute;n: mudanza</p>,aspirante,1,lucia.gagliardini,""
50126,50077,2009-01-01,<p>motivo: salud</p>,aspirante,1,dwayne.macgowan,""
50127,50568,2009-01-01,<p>motivo: identificacion</p>,aspirante,1,daniel.fersztand,""
50128,50383,2009-01-01,<p>motivo: viaje</p>,aspirante,1,daniel.fersztand,""
50129,50106,2009-02-01,"",aspirante,1,pablo.lewin,""
50130,50115,2009-01-01,<p>motivo: economico</p>,aspirante,1,gabriel.abraham,""
50131,50266,2009-01-01,<p>motivo: extranjera</p>,sádhaka,1,gabriel.abraham,""
50133,50526,2009-01-01,<p>motivo: viaje</p>,aspirante,1,gabriel.abraham,""
50134,50466,2009-01-01,<p>motivo: ?</p>,aspirante,1,alex.falke,""
50135,50449,2009-01-01,"<p>motivo: viajes, trabajo</p>",aspirante,1,dwayne.macgowan,""
50136,50481,2009-02-01,<p>motivo: vino muy poco</p>,aspirante,1,guido.morando,""
50137,50132,2009-02-01,<p>motivo: inconstancia</p>,aspirante,1,gabriel.abraham,""
50138,50464,2009-02-01,<p>motivo: crisis personal (estaba becada)</p>,sádhaka,1,lucia.gagliardini,""
50139,50062,2009-03-05,<p>motivo: tiempo (est&aacute; muy preocupada por la crisis mundial)</p>,sádhaka,1,gabriel.abraham,""
50140,50139,2009-02-01,<p>motivo: accidente con la moto</p>,sádhaka,1,daniela.massa,""
50142,50211,2009-04-01,<p>motivo: se muda</p>,aspirante,1,gabriel.abraham,""
50143,50286,2009-04-01,<p>motivo: motivacion</p>,sádhaka,1,gabriel.abraham,""
50144,50559,2009-03-05,<p>motivo: extranjera</p>,sádhaka,1,juan.abraham,""
50145,50588,2009-02-01,<p>motivo: identificacion</p>,aspirante,1,juan.abraham,""
50146,50253,2009-02-01,<p>motivo: identificacion (plata)</p>,sádhaka,1,lucia.gagliardini,""
50147,50109,2009-03-05,<p>motivo: viaje</p>,sádhaka,1,pablo.lewin,""
50148,50417,2009-02-01,<p>motivo: extranjera</p>,aspirante,1,daniel.fersztand,""
50149,50167,2009-03-05,<p>motivo: tiempo</p>,aspirante,1,daniel.fersztand,""
50150,50035,2009-03-01,<p>motivo: falta de motivaci&oacute;n</p>,yôgin,1,gabriel.abraham,""
50151,50277,2009-03-01,<p>motivo: horarios</p>,aspirante,1,alex.falke,""
50152,50041,2009-03-01,<p>motivo: falta de motivaci&oacute;n</p>,aspirante,1,lucia.gagliardini,""
50153,50014,2009-03-01,<p>motivo: salud</p>,sádhaka,1,lucia.gagliardini,""
50154,50309,2009-03-01,<p>motivo: viaje</p>,sádhaka,1,lucia.gagliardini,""
50155,50121,2009-03-01,<p>motivo: inconstancia</p>,aspirante,1,guido.morando,""
50156,50815,2009-03-01,<p>motivo: falta de interes</p>,aspirante,1,lucia.gagliardini,""
50157,50021,2009-04-05,<p>motivo: viaje</p>,sádhaka,1,gabriel.abraham,""
50158,50669,2009-04-05,<p>motivo: practica en la casa</p>,aspirante,1,lucia.gagliardini,""
50159,50114,2009-04-05,<p>motivo: tiempo</p>,aspirante,1,alex.falke,""
50160,50124,2009-04-05,<p>motivo: salud</p>,sádhaka,1,lucia.gagliardini,""
50161,50830,2009-03-02,<p>motivo: tiempo</p>,aspirante,1,guido.morando,""
50162,50841,2009-03-02,<p>motivo: tiempo</p>,aspirante,1,guido.morando,""
50163,50120,2009-04-04,<p>motivo: falta de motivacion</p>,sádhaka,1,guido.morando,""
50164,50026,2009-04-05,<p>motivo: tiempo</p>,aspirante,1,gabriel.abraham,""
50165,50814,2009-04-05,<p>motivo: tiempo</p>,aspirante,1,gabriel.abraham,""
50166,50638,2009-04-05,<p>motivo: viaje</p>,aspirante,1,dwayne.macgowan,""
50167,50384,2009-04-03,<p>motivo: tiempo</p>,yôgin,1,daniel.fersztand,""
50168,50787,2009-04-04,"<p>motivo: tiempo, motivacion</p>",aspirante,1,pablo.lewin,""
50169,50703,2009-05-04,"",aspirante,1,gabriel.abraham,motivacion
50170,50710,2009-05-04,"",aspirante,1,daniel.fersztand,tiempo
50171,50653,2009-04-01,"",aspirante,1,alex.falke,motivacion
50172,50550,2009-05-04,<p>dijo que quer&iacute;a volver en 2 meses (julio) porque se le complicaba por parciales. estar en contacto. dani</p>,aspirante,1,daniel.fersztand,identificacion
50173,50893,2009-06-01,"",aspirante,1,juan.abraham,tiempo
50174,50485,2009-06-01,"",aspirante,1,juan.abraham,tiempo
50175,50037,2009-04-01,"",yôgin,1,daniel.fersztand,plata
50176,50545,2009-04-01,"",aspirante,1,daniel.fersztand,tiempo
50177,50185,2009-05-01,"",sádhaka,1,lucia.gagliardini,tiempo
50178,50105,2009-04-01,"",aspirante,1,pablo.lewin,tiempo
50179,51089,2009-05-02,<p>FP FM</p>,aspirante,1,gabriel.abraham,identificacion
50180,50318,2009-05-02,"",aspirante,1,lucia.gagliardini,tiempo
50181,50946,2009-07-04,<p>paga en junio diferencia</p>,aspirante,1,dwayne.macgowan,mudanza
50182,50448,2009-05-01,"",sádhaka,1,gabriel.abraham,tiempo
50183,50843,2009-05-01,"",aspirante,1,alex.falke,tiempo
50184,50541,2009-05-01,"",sádhaka,1,juan.abraham,tiempo
50185,50510,2009-05-01,"",aspirante,1,juan.abraham,identificacion
50186,50335,2009-05-01,"",aspirante,1,alex.falke,tiempo
50187,50342,2009-06-02,"",sádhaka,1,dwayne.macgowan,identificacion
50188,51147,2009-06-02,"",aspirante,1,daniel.fersztand,tiempo
50189,50015,2009-07-02,"",aspirante,1,alex.falke,Extranjeros
50190,50897,2009-07-02,"",aspirante,1,daniel.fersztand,salud
50191,50704,2009-06-02,"",aspirante,1,dwayne.macgowan,salud
50192,50271,2008-04-10,"",aspirante,1,lucia.gagliardini,""
50193,50696,2009-06-02,"",aspirante,1,pablo.lewin,plata
50194,50984,2009-06-02,"",aspirante,1,alex.falke,tiempo
50195,51171,2009-06-02,"",aspirante,1,gabriel.abraham,"tiempo , plata"
50196,50132,2009-06-02,"",aspirante,1,gabriel.abraham,motivacion
50197,51140,2009-06-02,"",aspirante,1,juan.abraham,no sabemos
50199,50070,2009-06-02,"",sádhaka,1,gabriel.abraham,tiempo
50200,50974,2009-06-02,"",aspirante,1,lucia.gagliardini,identificacion
50201,51015,2009-07-06,<p>pratico my poco</p>,aspirante,1,pablo.lewin,tiempo
50202,50031,2009-07-06,"<p>se lastmo la mano y eso la complico, la frustro.</p>",sádhaka,1,pablo.lewin,motivacion
50203,51176,2009-07-07,"",aspirante,1,gabriel.abraham,tiempo
50204,50436,2009-07-07,<p>se hizo religiosa</p>,sádhaka,1,gabriel.abraham,identificacion
50205,51156,2009-07-07,<p>casi no practic&oacute;</p>,aspirante,1,lucia.gagliardini,motivacion
50206,50111,2009-07-07,<p>era alumna de la comple</p>,sádhaka,1,lucia.gagliardini,no sabemos
50207,50931,2009-07-07,"",aspirante,1,lucia.gagliardini,tiempo
50208,50417,2009-08-01,<p>se muda a italia</p>,aspirante,1,daniel.fersztand,Extranjeros
50211,50707,2009-08-03,"",aspirante,1,gabriel.abraham,tiempo
50214,50934,2009-08-03,"",aspirante,1,gabriel.abraham,motivacion
50217,50100,2009-08-03,<p>se va a formar con richard</p>,sádhaka,1,gabriel.abraham,identificacion
50220,51220,2009-02-01,"",aspirante,1,daniela.massa,tiempo
50223,50544,2009-08-03,"",aspirante,1,lucia.lopez,motivacion
50226,51045,2009-07-02,"",aspirante,1,juan.abraham,Extranjeros
50229,50252,2009-07-02,"",sádhaka,1,daniel.fersztand,tiempo
50232,51186,2009-08-03,"",aspirante,1,lucia.gagliardini,Extranjeros
50235,50508,2009-08-03,"",sádhaka,1,gabriel.abraham,viaje
50238,50005,2009-08-01,<p>tiene que conseguir trabajo</p>,sádhaka,1,daniel.fersztand,plata
50241,50972,2009-09-01,<p>seguir en contacto</p>,aspirante,1,daniel.fersztand,embarazo
50244,50134,2009-08-01,"",sádhaka,1,gabriel.abraham,motivacion
50247,50520,2009-08-01,<p>siempre dice que quiere volver</p>,sádhaka,1,daniel.fersztand,tiempo
50250,50271,2009-09-01,<p>quiere particular (lucia)</p>,aspirante,1,lucia.gagliardini,tiempo
50253,51336,2009-09-02,<p>lo pongo como extranjero porque esta viviendo en australia y hab&iacute;a venido a ARG de vacaciones nom&aacute;s.</p>,sádhaka,1,dwayne.macgowan,Extranjeros
50256,50030,2009-09-07,"",sádhaka,1,lucia.gagliardini,motivacion
50259,51265,2009-09-16,"",aspirante,1,gabriel.abraham,Extranjeros
50262,50349,2009-10-02,"",aspirante,1,pablo.lewin,"motivacion , tiempo"
50265,50089,2009-09-14,"",sádhaka,1,alex.falke,embarazo
50268,51145,2009-10-04,"",aspirante,1,lucia.gagliardini,"tiempo , inconstancia"
50271,50490,2009-10-04,"",sádhaka,1,dwayne.macgowan,?
50274,51021,2009-09-03,"",sádhaka,1,pablo.lewin,inconstancia
50277,50494,2009-09-03,"",sádhaka,1,gabriel.abraham,tiempo
50280,50683,2009-11-02,"",aspirante,1,gabriel.abraham,mudanza
50283,50714,2009-11-02,"",aspirante,1,gabriel.abraham,mudanza
50286,51204,2009-10-21,"",aspirante,1,gabriel.abraham,"motivacion , plata"
50289,50500,2009-10-21,"",aspirante,1,gabriel.abraham,plata
50292,50781,2009-10-21,"",sádhaka,1,daniel.fersztand,"tiempo , plata"
50295,50545,2009-10-22,"",aspirante,1,daniel.fersztand,"motivacion, tiempo , identificacion"
50298,50043,2009-10-22,"",sádhaka,1,lucia.gagliardini,"motivacion, tiempo , mudanza"
50301,50099,2009-10-22,"",sádhaka,1,pablo.lewin,"motivacion , tiempo"
50304,50033,2009-11-03,<p>Se cas&oacute;...</p>,sádhaka,1,pablo.lewin,"tiempo , viaje"
50307,50809,2009-11-03,<p>Ver</p>,sádhaka,1,pablo.lewin,""
50310,51250,2009-11-03,"<p><a href=""http://../alumnos/show/33"" target=""_blank"">Ver<br /></a><a href=""http://../alumnos/show/67"" target=""_blank""></a></p>",aspirante,1,daniel.fersztand,""
50313,51900,2009-11-03,<p>Ver</p>,aspirante,1,lucia.gagliardini,""
50316,50052,2009-11-03,<p>Ver</p>,sádhaka,1,lucia.gagliardini,tiempo
50319,50023,2009-11-03,<p>Ver</p>,sádhaka,1,lucia.lopez,""
50322,51198,2009-11-03,<p>Ver</p>,aspirante,1,lucia.lopez,""
50325,51651,2009-11-03,<p>Ver</p>,aspirante,1,lucia.lopez,""
50328,51759,2009-11-03,<p>Se anot&oacute; en Callao</p>,aspirante,1,gabriel.abraham,mudanza
50331,50993,2009-11-03,<p>Vaa volver</p>,aspirante,1,gabriel.abraham,plata
50334,50067,2009-11-03,<p>Ver</p>,asistente,1,guido.morando,identificacion
50337,51111,2009-11-13,"",aspirante,1,gabriel.abraham,"motivacion, tiempo , plata"
50340,51301,2009-11-16,"",aspirante,1,lucia.lopez,plata
50343,52026,2009-11-16,"",aspirante,1,lucia.gagliardini,salud
50346,51924,2009-11-26,"",aspirante,1,lucia.lopez,desapareciò
50349,50513,2009-11-30,"",aspirante,1,lucia.gagliardini,identificacion
50352,50421,2009-12-02,"",sádhaka,1,dwayne.macgowan,mudanza
50355,50159,2009-12-02,"",sádhaka,1,dwayne.macgowan,identificacion
50358,50617,2009-12-02,"",sádhaka,1,pablo.lewin,Extranjeros
50361,50087,2009-12-02,"",sádhaka,1,daniel.fersztand,inconstancia
50364,50859,2009-12-02,"",aspirante,1,gabriel.abraham,"tiempo , identificacion"
50367,50094,2009-12-02,"",sádhaka,1,guido.morando,"identificacion , motivacion"
50370,50079,2009-12-02,"",sádhaka,1,lucia.gagliardini,identificacion
50373,50032,2009-12-02,"",asistente,1,gabriel.abraham,"identificacion , desapareciò"
50376,51729,2009-12-03,"",aspirante,1,gabriel.abraham,"desapareciò , no sabemos"
50379,51462,2009-12-03,"",aspirante,1,gabriel.abraham,"motivacion, identificacion , plata"
50382,51372,2009-12-14,"",aspirante,1,dwayne.macgowan,motivacion
50385,51233,2009-12-14,"",sádhaka,1,guido.morando,no sabemos
50388,52080,2009-12-28,"",aspirante,1,lucia.gagliardini,Extranjeros
50391,50544,2009-12-28,"",aspirante,1,lucia.lopez,inconstancia
50394,50520,2009-12-28,"",sádhaka,1,daniel.fersztand,inconstancia
50397,51277,2009-12-28,"",aspirante,1,alex.falke,tiempo
50400,52122,2009-12-28,"",aspirante,1,dwayne.macgowan,"inconstancia , viaje"
50403,51411,2009-12-28,"",aspirante,1,dwayne.macgowan,inconstancia
50406,51477,2009-12-28,"",aspirante,1,dwayne.macgowan,inconstancia
50409,51314,2010-01-01,"",aspirante,1,lucia.gagliardini,salud
50412,50258,2010-01-01,"",sádhaka,1,lucia.lopez,embarazo
50415,51459,2010-01-01,"",aspirante,1,lucia.lopez,identificacion
50418,50073,2010-01-01,"",sádhaka,1,lucia.gagliardini,viaje
50421,51843,2010-01-01,"",aspirante,1,lucia.gagliardini,Extranjeros
50424,52338,2010-01-01,"",aspirante,1,lucia.gagliardini,Extranjeros
50427,50422,2010-01-01,"",sádhaka,1,alex.falke,viaje
50430,51161,2010-01-01,"",aspirante,1,pablo.lewin,""
50433,51714,2010-02-01,"",aspirante,1,pablo.lewin,viaje
50436,50119,2010-01-11,"",sádhaka,1,guido.morando,"tiempo , identificacion"
550555,50667,2010-01-31,"",aspirante,1,dwayne.macgowan,desconocido
550558,51300,2010-02-01,"",aspirante,1,gabriel.abraham,Falta de identificación
550561,51351,2010-02-01,"<p>Tal vez vuelva, ojal&aacute;.</p>",aspirante,1,gabriel.abraham,tiempo
550564,50895,2010-02-01,"",sádhaka,1,lucia.lopez,viaje
550567,52429,2010-02-01,"",aspirante,1,alex.falke,vacaciones
600043,50001,2010-02-05,"",asistente,1,"",cambio de unidad
600046,52302,2010-02-05,"",aspirante,1,lucia.gagliardini,desconocido
1650340,50039,2010-02-12,"",sádhaka,1,dwayne.macgowan,"tiempo , plata"
1650343,51984,2010-02-12,"",aspirante,1,lucia.gagliardini,"tiempo , viaje"
1650502,51131,2010-03-01,"",aspirante,1,gabriel.abraham,"tiempo, plata , mudanza"
1650934,50007,2010-03-10,"",yôgin,1,pablo.lewin,cambio de unidad
1650937,50074,2010-03-10,"",aspirante,1,dwayne.macgowan,"tiempo, identificacion , plata"
1650940,50090,2010-03-10,"",yôgin,1,dwayne.macgowan,"tiempo , no sabemos"
1650943,50336,2010-03-10,"",sádhaka,1,dwayne.macgowan,no sabemos
1650946,50782,2010-03-10,"",sádhaka,1,alex.falke,"tiempo , plata"
1650949,51711,2010-03-10,"",aspirante,1,dwayne.macgowan,desconocido
1651045,51029,2010-03-17,"",aspirante,1,lucia.lopez,cambio de unidad
1651489,51074,2010-04-08,"<p>Es copado, le dol&iacute;a la espalda y esto no le serv&iacute;a.</p>",aspirante,1,gabriel.abraham,"motivacion , identificacion"
1651492,51091,2010-04-08,<p>Se iba a Australia.</p>,sádhaka,1,lucia.lopez,viaje
1651495,50251,2010-04-08,<p>No es perfil</p>,sádhaka,1,lucia.lopez,identificacion
1651498,551443,2010-04-08,"",aspirante,1,lucia.gagliardini,tiempo
1651501,551413,2010-04-08,"",aspirante,1,lucia.gagliardini,tiempo
1651504,51993,2010-04-08,"",aspirante,1,lucia.gagliardini,tiempo
1651507,50271,2010-04-08,"",aspirante,1,lucia.gagliardini,salud
1651510,50045,2010-04-08,"",sádhaka,1,pablo.lewin,identificacion
1651513,1666066,2010-04-08,"",aspirante,1,alex.falke,tiempo
1651516,1665892,2010-04-08,"",aspirante,1,lucia.lopez,cambio de unidad
1651519,1665304,2010-04-08,"",aspirante,1,lucia.lopez,cambio de unidad
1651522,50018,2010-04-08,"",sádhaka,1,pablo.lewin,identificacion
1651525,50166,2010-04-08,"",sádhaka,1,lucia.lopez,cambio de unidad
1651675,51019,2010-04-12,<p>ver c dwayne</p>,sádhaka,1,dwayne.macgowan,""
1652083,52350,2010-04-30,"",aspirante,1,dwayne.macgowan,desconocido
1652440,51789,2010-05-11,"",aspirante,1,gabriel.abraham,tiempo
1652443,50097,2010-05-11,"",sádhaka,1,guido.morando,tiempo
1652446,1663708,2010-05-11,"",aspirante,1,alex.falke,"tiempo , plata"
1652449,51133,2010-05-11,"",sádhaka,1,alex.falke,identificacion
1652452,51921,2010-05-11,"",aspirante,1,lucia.gagliardini,identificacion
1652455,50930,2010-05-11,"",sádhaka,1,lucia.gagliardini,tiempo
1652458,51304,2010-05-11,"",aspirante,1,gabriel.abraham,"identificacion , motivacion"
1652461,50667,2010-05-11,"",aspirante,1,dwayne.macgowan,"plata , desapareciò"
1652671,51083,2010-05-21,"",aspirante,1,lucia.gagliardini,"motivacion , identificacion"
1652824,51237,2010-06-01,"",aspirante,1,guido.morando,falta de identificación
1652827,52188,2010-06-01,"",aspirante,1,lucia.gagliardini,viaje
1652830,51903,2010-06-01,"",aspirante,1,alex.falke,salud
1652836,50022,2010-06-01,"",sádhaka,1,gabriel.abraham,motivacion
1652839,1664839,2010-06-01,"",aspirante,1,gabriel.abraham,viaje
1652842,51220,2010-06-01,"",aspirante,1,daniela.massa,"motivacion , tiempo"
1652845,51024,2010-06-01,"",aspirante,1,lucia.lopez,identificacion
1652848,52089,2010-06-01,"",aspirante,1,lucia.gagliardini,identificacion
1652851,1666639,2010-06-01,"",aspirante,1,dwayne.macgowan,desconocido
1652854,50011,2010-06-01,"",sádhaka,1,gabriel.abraham,identificacion
1652857,1673425,2010-06-01,"",aspirante,1,lucia.gagliardini,temas familiares
1652860,1673686,2010-06-01,"",aspirante,1,gabriel.abraham,motivacion
1653349,50371,2010-07-05,"",sádhaka,1,dwayne.macgowan,blog-secta
1653350,52374,2010-07-05,"",sádhaka,1,alex.falke,blog-secta
1653364,52245,2010-07-06,"",aspirante,1,lucia.lopez,desconocido
1653365,52170,2010-07-06,"",aspirante,1,lucia.gagliardini,no sabemos
1653366,50016,2010-07-06,"",sádhaka,1,gabriel.abraham,tiempo
1653367,1677445,2010-07-06,"",aspirante,1,lucia.gagliardini,tiempo
1653368,50006,2010-07-06,"",sádhaka,1,gabriel.abraham,identificacion
1653369,1670368,2010-07-06,"",aspirante,1,alex.falke,identificacion
1653370,51070,2010-07-06,"",sádhaka,1,guido.morando,cambio de unidad
1653371,51274,2010-07-06,"",aspirante,1,lucia.lopez,tiempo
1653372,52305,2010-07-06,"",aspirante,1,gabriel.abraham,identificacion
1653373,51047,2010-07-06,"",aspirante,1,lucia.lopez,"tiempo , fin de plan."
1653374,551419,2010-07-06,"",aspirante,1,dwayne.macgowan,tiempo
1655577,50096,2010-08-09,"",aspirante,1,daniela.massa,embarazo
1655578,50562,2010-08-09,"",sádhaka,1,gabriel.abraham,falta de identificación
1655579,51009,2010-08-09,"",aspirante,1,lucia.gagliardini,motivacion
1655580,51123,2010-08-09,"",aspirante,1,alex.falke,"identificacion , plata"
1655581,1669141,2010-08-09,"",aspirante,1,dwayne.macgowan,"mudanza , plata"
1655582,1678897,2010-08-09,"",aspirante,1,alex.falke,no sabemos
1655583,1682601,2010-08-09,"",aspirante,1,gabriel.abraham,viaje
1655584,1682620,2010-08-09,"",aspirante,1,lucia.lopez,tiempo
1655654,50131,2010-08-17,"",aspirante,1,gabriel.abraham,falta de identificación
1655655,1682946,2010-08-17,"",aspirante,1,dwayne.macgowan,no sabemos
1655656,51315,2010-08-17,"",aspirante,1,gabriel.abraham,"motivacion , tiempo"
1655711,551524,2010-08-23,"",aspirante,1,alex.falke,"motivacion , tiempo"
1655712,1666729,2010-08-23,"",aspirante,1,lucia.lopez,"tiempo , mudanza"
1655910,1693172,2010-09-10,"",aspirante,1,gabriel.abraham,no sabemos
1655925,51276,2010-09-13,"",aspirante,1,alex.falke,viaje
1655926,51687,2010-09-13,"",aspirante,1,dwayne.macgowan,""
1655927,51756,2010-09-13,"",aspirante,1,lucia.gagliardini,tiempo
1656032,50387,2010-09-30,"",sádhaka,1,lucia.lopez,desconocido
1656033,51220,2010-09-30,"",aspirante,1,daniela.massa,desconocido
1656034,51474,2010-09-30,"",aspirante,1,gabriel.abraham,"plata , inconstancia"
1656035,1667506,2010-09-30,"",aspirante,1,dwayne.macgowan,tiempo
1656036,1694245,2010-09-30,"",aspirante,1,dwayne.macgowan,salud
1656222,50227,2010-10-19,"",aspirante,1,gabriel.abraham,desapareciò
1656223,50348,2010-10-19,"",sádhaka,1,alex.falke,"identificacion , plata"
1656224,50709,2010-10-19,"",aspirante,1,lucia.gagliardini,desconocido
1656225,51885,2010-10-19,"",aspirante,1,lucia.gagliardini,"Extranjeros, motivacion, tiempo , plata"
1656226,1671685,2010-10-19,"",aspirante,1,alex.falke,"mudanza , tiempo"
1656227,1683303,2010-10-19,"",aspirante,1,gabriel.abraham,cambio de unidad
1656228,1691042,2010-10-19,"",aspirante,1,lucia.gagliardini,Extranjeros
1656229,1693218,2010-10-19,"",aspirante,1,lucia.gagliardini,Extranjeros
1656230,1694721,2010-10-19,"",aspirante,1,gabriel.abraham,falta de identificación
1656231,1694748,2010-10-19,"",aspirante,1,alex.falke,"motivacion , salud"
1657500,50112,2010-11-10,"",aspirante,1,gabriel.abraham,tiempo
1657501,50127,2010-11-10,"",sádhaka,1,gabriel.abraham,mudanza
1657502,50934,2010-11-10,"",aspirante,1,gabriel.abraham,"motivacion , tiempo"
1657503,51675,2010-11-10,"",sádhaka,1,alex.falke,tiempo
1657504,1600279,2010-11-10,"",aspirante,1,lucia.lopez,motivacion?
1657505,1667503,2010-11-10,"",aspirante,1,dwayne.macgowan,tiempo
1657506,1669612,2010-11-10,"",aspirante,1,gabriel.abraham,"motivacion, tiempo , plata"
1657507,1675561,2010-11-10,"",aspirante,1,dwayne.macgowan,tiempo
1657508,1676332,2010-11-10,"",aspirante,1,dwayne.macgowan,tiempo
1657509,1696443,2010-11-10,"",aspirante,1,lucia.gagliardini,Extranjeros
1662630,50283,2010-12-09,"",sádhaka,1,lucia.gagliardini,cambio de unidad
1662631,51155,2010-12-09,"",aspirante,1,alex.falke,tiempo
1662632,51179,2010-12-09,"",sádhaka,1,alex.falke,"mudanza , tiempo"
1662633,51251,2010-12-09,"",sádhaka,1,daniela.massa,viaje
1662634,1668658,2010-12-09,"",aspirante,1,lucia.lopez,desconocido
1662635,1678960,2010-12-09,"",aspirante,1,dwayne.macgowan,desconocido
1662636,1689080,2010-12-09,"",aspirante,1,lucia.gagliardini,casamiento
1662637,1693465,2010-12-09,"",aspirante,1,lucia.gagliardini,Extranjeros
1662638,1693648,2010-12-09,"",aspirante,1,lucia.gagliardini,Extranjeros
1662639,1694810,2010-12-09,"",aspirante,1,alex.falke,Extranjeros
1662640,1694811,2010-12-09,"",aspirante,1,alex.falke,Extranjeros
1662641,1695966,2010-12-09,"",aspirante,1,lucia.lopez,Extranjeros
1662642,1697107,2010-12-09,"",aspirante,1,pablo.lewin,tiempo
1662643,1697233,2010-12-09,"",aspirante,1,gabriel.abraham,"tiempo , identificacion"
1662644,1696134,2010-12-09,"",aspirante,1,gabriel.abraham,Extranjeros
1664210,50047,2011-01-12,"",sádhaka,1,lucia.gagliardini,viaje
1664211,50054,2011-01-12,"",asistente,1,pablo.lewin,viaje
1664212,50059,2011-01-12,"",asistente,1,guido.morando,cambio de unidad
1664213,50082,2011-01-12,"",sádhaka,1,lucia.gagliardini,identificacion
1664214,50083,2011-01-12,"",sádhaka,1,gabriel.abraham,salud
1664215,51043,2011-01-12,"",chêla,1,dwayne.macgowan,identificacion
1664216,51274,2011-01-12,"",aspirante,1,lucia.lopez,vacaciones
1664217,52029,2011-01-12,"",aspirante,1,gabriel.abraham,ubicacion
1664218,602563,2011-01-12,"",sádhaka,1,dwayne.macgowan,identificacion
1664219,1694720,2011-01-12,"",aspirante,1,gabriel.abraham,tiempo
1664220,1694869,2011-01-12,"",aspirante,1,gabriel.abraham,mudanza
1664221,1694930,2011-01-12,"",aspirante,1,lucia.gagliardini,tiempo
1664222,1695070,2011-01-12,"",sádhaka,1,lucia.gagliardini,viaje
1664224,1696408,2011-01-12,"",aspirante,1,dwayne.macgowan,no sabemos
1664225,1697217,2011-01-12,"",aspirante,1,dwayne.macgowan,no sabemos
1664509,51118,2011-02-03,"",sádhaka,1,lucia.gagliardini,cambio de unidad
1664510,1663801,2011-02-03,"",sádhaka,1,alex.falke,viaje
1664511,1677199,2011-02-03,"",aspirante,1,dwayne.macgowan,inconstancia
1664512,1697485,2011-02-03,"",aspirante,1,gabriel.abraham,"identificacion , motivacion"
1664513,1705574,2011-02-03,"",aspirante,1,lucia.gagliardini,identificacion
1664595,1705816,2011-02-07,"",aspirante,1,lucia.gagliardini,desconocido
1664636,551551,2011-02-09,"",aspirante,1,dwayne.macgowan,"motivacion , mudanza"
1664637,551554,2011-02-09,"",aspirante,1,dwayne.macgowan,"motivacion , mudanza"
1664794,1733051,2011-02-28,"",aspirante,1,gabriel.abraham,tiempo
1664923,50101,2011-03-04,"",aspirante,1,lucia.gagliardini,"tiempo, inconstancia , mudanza"
1664924,551437,2011-03-04,"",aspirante,1,gabriel.abraham,"tiempo, identificacion , mudanza"
1664925,1694863,2011-03-04,"",aspirante,1,gabriel.abraham,"tiempo , inconstancia"
1664926,1695582,2011-03-04,"",aspirante,1,lucia.gagliardini,"tiempo , inconstancia"
1664927,1695658,2011-03-04,"",sádhaka,1,gabriel.abraham,identificacion
1664928,1697046,2011-03-04,"",aspirante,1,lucia.gagliardini,mudanza
1665406,50027,2011-04-11,"",yôgin,1,gabriel.abraham,falta de identificación
1665407,50084,2011-04-11,"",aspirante,1,gabriel.abraham,tiempo
1665408,50826,2011-04-11,"",yôgin,1,alex.falke,"tiempo , identificacion"
1665409,51582,2011-04-11,"",aspirante,1,gabriel.abraham,tiempo
1665410,52317,2011-04-11,"",aspirante,1,dwayne.macgowan,desconocido
1665411,1663684,2011-04-11,"",aspirante,1,gabriel.abraham,tiempo
1665412,1668016,2011-04-11,"",aspirante,1,lucia.gagliardini,tiempo
1665413,1669939,2011-04-11,"",aspirante,1,lucia.lopez,desconocido
1665414,1695394,2011-04-11,"",aspirante,1,lucia.lopez,tiempo
1665415,1705704,2011-04-11,"",sádhaka,1,alex.falke,viaje
1665416,1732414,2011-04-11,"",aspirante,1,dwayne.macgowan,desconocido
1665417,1732531,2011-04-11,"",aspirante,1,leda.bianucci,cambio de unidad
1665418,1733407,2011-04-11,"",aspirante,1,dwayne.macgowan,desconocido
1665419,1734135,2011-04-11,"",aspirante,1,dwayne.macgowan,desconocido
1665420,1734439,2011-04-11,"",aspirante,1,dwayne.macgowan,"salud , falta de identificación"
1665421,1736692,2011-04-11,"",aspirante,1,dwayne.macgowan,"tiempo , Extranjeros"
1665723,50029,2011-05-09,"",sádhaka,1,alex.falke,cambio de unidad
1665724,50612,2011-05-09,"",sádhaka,1,lucia.gagliardini,"motivacion , identificacion"
1665725,50712,2011-05-09,"",sádhaka,1,dwayne.macgowan,"salud , inconstancia"
1665726,50944,2011-05-09,"",sádhaka,1,pablo.lewin,embarazo
1665727,51765,2011-05-09,"",aspirante,1,lucia.gagliardini,tiempo
1665728,52299,2011-05-09,"",aspirante,1,gabriel.abraham,identificacion
1665729,1695737,2011-05-09,"",aspirante,1,gabriel.abraham,"motivacion , identificacion"
1665730,1697090,2011-05-09,"",aspirante,1,gabriel.abraham,tiempo
1665731,1733707,2011-05-09,"",aspirante,1,alex.falke,viaje
1665732,1735544,2011-05-09,"",aspirante,1,daniela.massa,desconocido
1666073,50895,2011-06-06,"",sádhaka,1,lucia.lopez,"tiempo , motivacion"
1666074,1677148,2011-06-06,"",sádhaka,1,gabriel.abraham,"motivacion , tiempo"
1666075,1716752,2011-06-06,"",aspirante,1,lucia.gagliardini,motivacion
1666076,1733601,2011-06-06,"",aspirante,1,lucia.lopez,identificacion
1666077,1734108,2011-06-06,"",aspirante,1,dwayne.macgowan,"tiempo , plata"
1666165,50618,2011-06-15,"",sádhaka,1,alex.falke,tiempo
1666166,50746,2011-06-15,"",aspirante,1,lucia.lopez,tiempo
1666178,51134,2011-06-15,"",sádhaka,1,lucia.gagliardini,motivacion
1666853,1689074,2011-07-05,"",sádhaka,1,lucia.lopez,identificacion
1666854,1720909,2011-07-05,"",aspirante,1,gabriel.abraham,tiempo
1666855,1728609,2011-07-05,"",sádhaka,1,dwayne.macgowan,tiempo
1666856,1728890,2011-07-05,"",aspirante,1,pablo.lewin,desconocido
1666857,1731778,2011-07-05,"",aspirante,1,dwayne.macgowan,"tiempo , plata"
1666858,1732293,2011-07-05,"",aspirante,1,lucia.gagliardini,viaje
1666859,1735403,2011-07-05,"",aspirante,1,gabriel.abraham,no sabemos
1668192,551560,2011-08-09,"",sádhaka,1,alex.falke,"tiempo , plata"
1668193,1683347,2011-08-09,"",aspirante,1,gabriel.abraham,desapareciò
1668194,1694930,2011-08-09,"",aspirante,1,lucia.gagliardini,"tiempo , motivacion"
1668195,1696832,2011-08-09,"",sádhaka,1,gabriel.abraham,mudanza
1668196,1734560,2011-08-09,"",aspirante,1,dwayne.macgowan,desconocido
1668197,1762958,2011-08-09,"",aspirante,1,dwayne.macgowan,desconocido
1668198,1763619,2011-08-09,"",aspirante,1,lucia.gagliardini,desconocido
1668336,52281,2011-08-17,"",sádhaka,1,alex.falke,desconocido
1668337,1732554,2011-08-17,"",aspirante,1,lucia.lopez,"motivacion, tiempo , identificacion"
1669381,51251,2011-09-07,"",sádhaka,1,daniela.massa,cambio de unidad
1669382,51274,2011-09-07,"",aspirante,1,lucia.lopez,tiempo
1669383,602563,2011-09-07,"",sádhaka,1,dwayne.macgowan,identificacion
1669384,1672195,2011-09-07,"",sádhaka,1,gabriel.abraham,"tiempo , motivacion"
1669385,1679671,2011-09-07,"",sádhaka,1,lucia.lopez,"tiempo , motivacion"
1669386,1693439,2011-09-07,"",sádhaka,1,lucia.lopez,"motivacion , tiempo"
1669387,1693873,2011-09-07,"",aspirante,1,gabriel.abraham,tiempo
1669388,1694824,2011-09-07,"",aspirante,1,gabriel.abraham,tiempo
1669419,1695232,2011-09-08,"",aspirante,1,alex.falke,no sabemos
1669420,1733176,2011-09-08,"",sádhaka,1,lucia.lopez,desconocido
1669421,1736023,2011-09-08,"",aspirante,1,gabriel.abraham,"tiempo , motivacion"
1669422,1736029,2011-09-08,"",aspirante,1,leda.bianucci,"motivacion , tiempo"
1669423,1739104,2011-09-08,"",aspirante,1,gabriel.abraham,"motivacion , identificacion"
1669424,1762621,2011-09-08,"",aspirante,1,dwayne.macgowan,salud
1669962,50118,2011-10-14,"",sádhaka,1,lucia.gagliardini,"motivacion , tiempo"
1669963,50979,2011-10-14,"",sádhaka,1,lucia.lopez,viaje
1669964,51948,2011-10-14,"",aspirante,1,lucia.gagliardini,desconocido
1669965,1677769,2011-10-14,"",aspirante,1,gabriel.abraham,"tiempo , motivacion"
1669966,1709038,2011-10-14,"",aspirante,1,lucia.gagliardini,falta de identificación
1669967,1735544,2011-10-14,"",aspirante,1,daniela.massa,tiempo
1670328,51220,2011-11-10,"",aspirante,1,daniela.massa,no sabemos
1670329,1680136,2011-11-10,"",aspirante,1,gabriel.abraham,tiempo
1670330,1735244,2011-11-10,"",aspirante,1,lucia.gagliardini,"plata , mudanza"
1670331,1740884,2011-11-10,"",aspirante,1,lucia.gagliardini,tiempo
1670333,1766939,2011-11-10,"",aspirante,1,gabriel.abraham,tiempo
1670334,1769571,2011-11-10,"",aspirante,1,dwayne.macgowan,no sabemos
1670335,1777267,2011-11-10,"",aspirante,1,alex.falke,"plata , mudanza"
1670336,1779261,2011-11-10,"",aspirante,1,alex.falke,tiempo
1670848,50054,2011-12-14,"",graduado,1,pablo.lewin,viaje
1670849,50176,2011-12-14,"",sádhaka,1,dwayne.macgowan,tiempo
1670850,51594,2011-12-14,"",aspirante,1,lucia.gagliardini,tiempo
1670851,1667503,2011-12-14,"",aspirante,1,dwayne.macgowan,tiempo
1670852,1731670,2011-12-14,"",aspirante,1,lucia.gagliardini,tiempo
1670853,1768692,2011-12-14,"",aspirante,1,dwayne.macgowan,tiempo
1670854,1778300,2011-12-14,"",aspirante,1,leda.bianucci,"viaje , Extranjeros"
1670855,1781045,2011-12-14,"",aspirante,1,alex.falke,no sabemos
1671740,1762265,2012-01-05,"",aspirante,1,gabriel.abraham,"tiempo , viaje"
1671741,50019,2012-01-05,"",sádhaka,1,alex.falke,mudanza
1671743,50968,2012-01-05,"",sádhaka,1,lucia.lopez,identificacion
1671745,51176,2012-01-05,"",aspirante,1,gabriel.abraham,"motivacion , identificacion"
1671746,1732974,2012-01-05,"",aspirante,1,gabriel.abraham,mudanza
1671747,1735051,2012-01-05,"",aspirante,1,dwayne.macgowan,Extranjeros
1671748,1736932,2012-01-05,"",aspirante,1,leda.bianucci,"tiempo , vacaciones"
1671749,1738864,2012-01-05,"",aspirante,1,lucia.gagliardini,"motivacion , tiempo"
1671750,1773737,2012-01-05,"",aspirante,1,lucia.lopez,desapareciò
1672423,52362,2012-02-10,"",aspirante,1,alex.falke,"tiempo , plata"
1672424,1705677,2012-02-10,"",sádhaka,1,gabriel.abraham,"falta de identificación , plata"
1672425,1738846,2012-02-10,"",sádhaka,1,gabriel.abraham,tiempo
1672426,1758278,2012-02-10,"",sádhaka,1,gabriel.abraham,cambio de unidad
1672427,1776929,2012-02-10,"",aspirante,1,gabriel.abraham,tiempo
1672429,1778415,2012-02-10,<p>no sabia como explicarlo...</p>,aspirante,1,lucia.gagliardini,temas familiares
1672430,1781638,2012-02-10,"",aspirante,1,leda.bianucci,identificacion
1673058,51828,2012-03-19,"",aspirante,1,leda.bianucci,tiempo
1673072,52251,2012-03-20,"",sádhaka,1,lucia.gagliardini,"motivacion, tiempo , plata"
1673073,52353,2012-03-20,"",aspirante,1,lucia.lopez,""
1673074,52423,2012-03-20,"",aspirante,1,alex.falke,tiempo
1673075,1767478,2012-03-20,"",aspirante,1,alex.falke,tiempo
1673076,1777402,2012-03-20,"",aspirante,1,lucia.gagliardini,""
1673077,1777511,2012-03-20,"",aspirante,1,lucia.lopez,tiempo
1673078,1780201,2012-03-20,"",aspirante,1,gabriel.abraham,salud
1673956,50049,2012-04-18,"",sádhaka,1,lucia.lopez,"motivacion , tiempo"
1673957,50279,2012-04-18,"",sádhaka,1,dwayne.macgowan,"motivacion , plata"
1673958,50608,2012-04-18,"",sádhaka,1,lucia.gagliardini,mudanza
1673959,50984,2012-04-18,"",sádhaka,1,alex.falke,mudanza
1673960,1763371,2012-04-18,"",aspirante,1,lucia.gagliardini,tiempo
1673961,1763793,2012-04-18,"",aspirante,1,lucia.gagliardini,tiempo
1673962,1768467,2012-04-18,"",sádhaka,1,lucia.lopez,"tiempo , plata"
1673963,1770817,2012-04-18,"",aspirante,1,alex.falke,"tiempo , embarazo"
1673965,1786874,2012-04-18,"",aspirante,1,dwayne.macgowan,desconocido
1673966,1790346,2012-04-18,"",aspirante,1,lucia.lopez,viaje
1676197,1781176,2012-05-16,"",aspirante,1,gabriel.abraham,desconocido
1676198,50679,2012-05-16,"",sádhaka,1,lucia.gagliardini,salud
1676199,50202,2012-05-16,"",sádhaka,1,lucia.gagliardini,motivacion
1676200,1762620,2012-05-16,"",aspirante,1,dwayne.macgowan,FP
1676201,1770897,2012-05-16,"",aspirante,1,lucia.gagliardini,tiempo
1676202,1791453,2012-05-16,"",aspirante,1,dwayne.macgowan,desconocido
1678472,51717,2012-06-13,"",aspirante,1,lucia.gagliardini,falta de identificación
1678473,1735320,2012-06-13,"",aspirante,1,alex.falke,tiempo
1678474,1740789,2012-06-13,"",aspirante,1,lucia.gagliardini,tiempo
1678475,1782729,2012-06-13,"",aspirante,1,lucia.gagliardini,"tiempo , identificacion"
1678476,1768587,2012-06-13,"",aspirante,1,gabriel.abraham,tiempo
1678477,1769384,2012-06-13,"",aspirante,1,dwayne.macgowan,salud
1678489,1762229,2012-06-14,"",aspirante,1,gabriel.abraham,desapareciò
1678490,1763844,2012-06-14,"",aspirante,1,dwayne.macgowan,tiempo
1678491,1758275,2012-06-14,"",aspirante,1,dwayne.macgowan,"tiempo , plata"
1678541,1794561,2012-06-19,"",aspirante,1,gabriel.abraham,salud
1678984,50140,2012-07-18,"",sádhaka,1,lucia.lopez,tiempo
1678985,1732655,2012-07-18,"",aspirante,1,lucia.lopez,tiempo
1678986,1787790,2012-07-18,"",aspirante,1,dwayne.macgowan,"motivacion , mudanza"
1678987,1796963,2012-07-18,"",aspirante,1,gabriel.abraham,Extranjeros
1679249,50930,2012-08-04,"",sádhaka,1,lucia.gagliardini,tiempo
1679250,52383,2012-08-04,"",sádhaka,1,lucia.gagliardini,identificacion
1679251,602563,2012-08-04,"",sádhaka,1,dwayne.macgowan,salud
1679253,1763131,2012-08-04,"",aspirante,1,gabriel.abraham,"motivacion , tiempo"
1679254,1769595,2012-08-04,"",sádhaka,1,dwayne.macgowan,viaje
1679255,1789901,2012-08-04,"",aspirante,1,lucia.lopez,tiempo
1679256,1839220,2012-08-04,"",aspirante,1,lucia.lopez,desconocido
1679257,1841061,2012-08-04,"",aspirante,1,alex.falke,desconocido
1680713,50125,2012-09-11,"",sádhaka,1,lucia.gagliardini,embarazo
1680714,50500,2012-09-11,"",sádhaka,1,gabriel.abraham,"tiempo , motivacion"
1680715,1676833,2012-09-11,"",aspirante,1,lucia.gagliardini,tiempo
1680716,1731669,2012-09-11,"",aspirante,1,lucia.gagliardini,tiempo?
1680717,1776157,2012-09-11,"",aspirante,1,lucia.gagliardini,viaje
1680718,1804898,2012-09-11,"",aspirante,1,lucia.gagliardini,tiempo?
1680719,1805558,2012-09-11,"",aspirante,1,leda.bianucci,tiempo?
1681377,50047,2012-10-10,"",sádhaka,1,lucia.gagliardini,"motivacion? , tiempo?"
1681378,1694824,2012-10-10,"",aspirante,1,gabriel.abraham,"motivacion, tiempo , identificacion"
1681379,1776123,2012-10-10,"",aspirante,1,lucia.gagliardini,"motivacion? , tiempo?"
1681380,1779416,2012-10-10,"",aspirante,1,gabriel.abraham,tiempo
1681775,1787670,2012-11-09,"",aspirante,1,leda.bianucci,tiempo
1681776,1793695,2012-11-09,"",sádhaka,1,alex.falke,tiempo
1681777,1838975,2012-11-09,"",aspirante,1,leda.bianucci,tiempo
1681778,1847190,2012-11-09,"",aspirante,1,alex.falke,falta de identificación
1681779,1857219,2012-11-09,"",aspirante,1,lucia.gagliardini,viaje
1682265,50139,2012-12-17,"",aspirante,1,daniela.massa,identificacion
1682266,1694050,2012-12-17,"",aspirante,1,alex.falke,cambio de unidad
1682267,1729293,2012-12-17,"",sádhaka,1,alex.falke,"plata , tiempo"
1682268,1735460,2012-12-17,"",sádhaka,1,leda.bianucci,motivacion
1682269,1796675,2012-12-17,<p>volver&iacute;a en marzo</p>,aspirante,1,alex.falke,viaje
1682270,1853103,2012-12-17,"",aspirante,1,lucia.gagliardini,viaje
1683099,50151,2013-01-18,"",asistente,1,dwayne.macgowan,cambio de unidad
1683100,50538,2013-01-18,"",asistente,1,dwayne.macgowan,cambio de unidad
1683101,50944,2013-01-18,"",sádhaka,1,pablo.lewin,embarazo
1683102,51867,2013-01-18,"",asistente,1,dwayne.macgowan,cambio de unidad
1683103,1676887,2013-01-18,"",sádhaka,1,alex.falke,cambio de unidad
1683104,1733408,2013-01-18,"",sádhaka,1,leda.bianucci,viaje
1683105,1846355,2013-01-18,"",aspirante,1,gabriel.abraham,"tiempo , plata"
1683116,1728667,2013-01-21,"",aspirante,1,lucia.gagliardini,"tiempo , motivacion"
1683550,50076,2013-02-19,"",asistente,1,gabriel.abraham,identificacion
1683551,50618,2013-02-19,"",sádhaka,1,alex.falke,embarazo
1683552,1739233,2013-02-19,"",sádhaka,1,leda.bianucci,tiempo
1683553,1777174,2013-02-19,"",sádhaka,1,leda.bianucci,"tiempo , motivacion"
1683554,1793641,2013-02-19,"",sádhaka,1,daniela.massa,"tiempo , motivacion"
1683555,1804905,2013-02-19,"",aspirante,1,lucia.gagliardini,viaje
1683590,1854461,2013-02-22,"",aspirante,1,lucia.gagliardini,mudanza
1683591,1855350,2013-02-22,"",aspirante,1,lucia.gagliardini,viaje
1684072,50024,2013-03-13,"",asistente,1,lucia.gagliardini,mudanza
1684073,50065,2013-03-13,"",sádhaka,1,lucia.gagliardini,mudanza
1684074,50600,2013-03-13,"",sádhaka,1,lucia.gagliardini,tiempo
1684075,51129,2013-03-13,"",sádhaka,1,leda.bianucci,tiempo
1684076,1735704,2013-03-13,"",sádhaka,1,gabriel.abraham,"tiempo , motivacion"
1684077,1777724,2013-03-13,"",aspirante,1,alex.falke,mudanza
1684078,1793506,2013-03-13,"",sádhaka,1,leda.bianucci,desconocido
1684079,1795953,2013-03-13,"",sádhaka,1,daniela.massa,viaje
1684080,1804933,2013-03-13,"",aspirante,1,lucia.gagliardini,identificacion
1684081,1812623,2013-03-13,"",aspirante,1,lucia.gagliardini,mudanza
1684692,1735703,2013-04-26,"",sádhaka,1,gabriel.abraham,identificacion
1684693,1740603,2013-04-26,"",aspirante,1,daniela.massa,desconocido
1684694,1789674,2013-04-26,"",sádhaka,1,alex.falke,desconocido
1684695,1796141,2013-04-26,"",sádhaka,1,daniela.massa,"plata , tiempo"
1684696,1803396,2013-04-26,"",aspirante,1,leda.bianucci,desapareciò
1684697,1854921,2013-04-26,"",aspirante,1,daniela.massa,desconocido
1684698,1867864,2013-04-26,"",aspirante,1,leda.bianucci,mudanza
1684699,1876522,2013-04-26,"",aspirante,1,lucia.gagliardini,motivacion
1684723,1694814,2013-04-29,"",sádhaka,1,lucia.gagliardini,"motivacion , tiempo"
1684724,1665094,2013-04-29,"",sádhaka,1,alex.falke,tiempo
1685174,50343,2013-05-29,"",aspirante,1,leda.bianucci,tiempo
1685175,51828,2013-05-29,"",aspirante,1,leda.bianucci,tiempo
1685176,1671031,2013-05-29,"",sádhaka,1,gabriel.abraham,"motivacion , plata"
1685177,1734910,2013-05-29,"",aspirante,1,lucia.gagliardini,desconocido
1685178,1793695,2013-05-29,"",sádhaka,1,alex.falke,"motivacion, tiempo , plata"
1685179,1840380,2013-05-29,"",sádhaka,1,daniela.massa,"motivacion , identificacion"
1685180,1844423,2013-05-29,"",sádhaka,1,leda.bianucci,"motivacion , tiempo"
1685181,1875736,2013-05-29,"",aspirante,1,gabriel.abraham,viaje
1685182,1876988,2013-05-29,"",aspirante,1,alex.falke,tiempo
1685584,52083,2013-06-26,"",aspirante,1,gabriel.abraham,"tiempo , motivacion"
1685585,1781045,2013-06-26,"",aspirante,1,alex.falke,desconocido
1685586,1796887,2013-06-26,"",sádhaka,1,gabriel.abraham,tiempo
1685587,1874723,2013-06-26,"",aspirante,1,leda.bianucci,desconocido
1685913,1680268,2013-07-22,"",aspirante,1,lucia.gagliardini,desconocido
1685914,1767373,2013-07-22,"",sádhaka,1,leda.bianucci,desconocido
1685915,1796006,2013-07-22,"",sádhaka,1,gabriel.abraham,tiempo
1685916,1818521,2013-07-22,"",aspirante,1,gabriel.abraham,motivacion
1685917,1860217,2013-07-22,"",aspirante,1,leda.bianucci,desconocido
1685918,1883311,2013-07-22,"",aspirante,1,daniela.massa,desconocido
1686352,52074,2013-08-27,"",aspirante,1,gabriel.abraham,viaje
1686353,1876392,2013-08-27,"",aspirante,1,gabriel.abraham,tiempo
1686354,1875943,2013-08-27,"",aspirante,1,daniela.massa,nunca vino
1686355,1735320,2013-08-27,"",aspirante,1,alex.falke,tiempo
1686356,51227,2013-08-27,"",sádhaka,1,leda.bianucci,"tiempo , plata"
1686357,1875715,2013-08-27,"",aspirante,1,leda.bianucci,motivacion
1686776,52191,2013-09-30,"",sádhaka,1,daniela.massa,viaje
1686777,1695165,2013-09-30,"",aspirante,1,leda.bianucci,identificacion
1686778,1880460,2013-09-30,"",aspirante,1,gabriel.abraham,identificacion
1686779,1882354,2013-09-30,"",aspirante,1,leda.bianucci,tiempo
1686780,1884778,2013-09-30,"",aspirante,1,gabriel.abraham,cambio de unidad
1686781,1886878,2013-09-30,"",aspirante,1,alex.falke,tiempo
1686782,1888894,2013-09-30,"",aspirante,1,alex.falke,plata
1687182,1672198,2013-10-31,"",sádhaka,1,lucia.gagliardini,tiempo
1687183,1767397,2013-10-31,"",sádhaka,1,gabriel.abraham,tiempo
1687184,1780032,2013-10-31,"",aspirante,1,gabriel.abraham,tiempo
1687185,1878172,2013-10-31,"",sádhaka,1,daniela.massa,"mudanza , viaje"
1687186,1879343,2013-10-31,"",aspirante,1,alex.falke,desconocido
1687187,1888633,2013-10-31,"",aspirante,1,"",desconocido
1687188,1888899,2013-10-31,"",aspirante,1,gabriel.abraham,desconocido
1687189,1888634,2013-10-31,"",aspirante,1,"",desconocido
1687580,1841138,2013-11-27,"",sádhaka,1,lucia.gagliardini,mudanza
1687581,1841184,2013-11-27,"",sádhaka,1,lucia.gagliardini,mudanza
1687582,1868409,2013-11-27,"",aspirante,1,lucia.gagliardini,desconocido
1687583,1890868,2013-11-27,"",aspirante,1,pablo.lewin,desconocido
1687963,1840723,2013-12-23,"",aspirante,1,lucia.gagliardini,"Extranjeros , viaje"
1687964,1879283,2013-12-23,"",aspirante,1,gabriel.abraham,viaje
1687965,1882693,2013-12-23,"",aspirante,1,daniela.massa,"salud , tiempo?"
1687966,1890938,2013-12-23,"",aspirante,1,daniela.massa,mudanza
1688198,1896495,2014-01-13,"",aspirante,1,"",no sabemos
1688427,1873569,2014-01-31,"",sádhaka,1,lucia.gagliardini,no sabemos
1688428,1860470,2014-01-31,"",aspirante,1,daniela.massa,mudanza
1688429,1668622,2014-01-31,"",aspirante,1,gabriel.abraham,"falta de identificación , motivacion"
1688430,1886611,2014-01-31,"",aspirante,1,gabriel.abraham,mudanza
1688431,51252,2014-01-31,"",aspirante,1,daniela.massa,no sabemos
1688432,1888632,2014-01-31,"",aspirante,1,lucia.gagliardini,no sabemos
1688433,1891536,2014-01-31,"",aspirante,1,alex.falke,Extranjeros
1688534,1896495,2014-02-03,"",aspirante,1,"",identificacion
1688868,50070,2014-02-26,"",sádhaka,1,gabriel.abraham,viaje
1688869,50826,2014-02-26,"",sádhaka,1,alex.falke,mudanza
1688870,1881472,2014-02-26,"",aspirante,1,lucia.gagliardini,viaje
1688871,1892254,2014-02-26,"",aspirante,1,lucia.gagliardini,viaje
1688872,1892252,2014-02-26,"",aspirante,1,alex.falke,"tiempo , motivacion"
1688873,1895004,2014-02-26,"",aspirante,1,alex.falke,desapareciò
1689183,1731670,2014-03-18,"",aspirante,1,lucia.gagliardini,desconocido
1689184,1874954,2014-03-18,"",aspirante,1,lucia.gagliardini,tiempo
1689185,1879205,2014-03-18,"",aspirante,1,gabriel.abraham,"tiempo, identificacion , plata"
1689186,1880266,2014-03-18,"",aspirante,1,lucia.gagliardini,desconocido
1689187,1895005,2014-03-18,"",aspirante,1,alex.falke,desconocido
1689277,50006,2014-03-28,"",sádhaka,1,gabriel.abraham,tiempo
1689652,1896927,2014-04-17,"",aspirante,1,gabriel.abraham,"tiempo , plata"
1689653,1894650,2014-04-17,"",aspirante,1,gabriel.abraham,"motivacion , identificacion"
1689654,1776896,2014-04-17,"",aspirante,1,gabriel.abraham,no sabemos
1689655,1885987,2014-04-17,"",aspirante,1,gabriel.abraham,no sabemos
1689673,1889366,2014-04-24,"",aspirante,1,lucia.gagliardini,no sabemos
1690016,50130,2014-05-23,"",sádhaka,1,gabriel.abraham,"no sabemos , nunca vino"
1690017,1879985,2014-05-23,"",aspirante,1,lucia.gagliardini,"tiempo , identificacion"
1690374,1887860,2014-06-24,"",aspirante,1,gabriel.abraham,"tiempo , motivacion"
1690375,1902562,2014-06-24,"",aspirante,1,gabriel.abraham,"tiempo , plata"
1690376,1902978,2014-06-24,"",aspirante,1,alex.falke,""
1690672,50934,2014-07-18,"",aspirante,1,gabriel.abraham,salud
1690673,1879614,2014-07-18,"",aspirante,1,gabriel.abraham,viaje
1690674,1882670,2014-07-18,"",aspirante,1,lucia.gagliardini,tiempo
1690675,1891437,2014-07-18,"",aspirante,1,gabriel.abraham,tiempo
