id,nombre,deleted,firma,genero,apellido,school_id,cas_login,follows
50001,Dwayne,true,"<p style=""text-align: right;""><strong>Instr. Dwayne Macgowan</strong></p>
<p style=""text-align: right;"">M&eacute;todo DeRose<br />Sede Belgrano &ndash; Argentina<br /> Av. Luis M. Campos 1395<br /> Tel. (011) 4785-4882<br /><a href=""http://www.metododerose.com.ar/belgrano"" target=""_blank"">www.metododerose.org</a></p>",h,Macgowan,1,dwayne.macgowan,""
50002,Pablo,false,"",h, Lewin,1,pablo.lewin,""
50003,Alex,false,"",h,Falke,1,alex.falke,"1883035, 1883706, 1883707, 1884203, 1887027, 1887034, 1876654 , 1879358"
50004,Daniel Fersztand,true,,h,,1,"","51297, 51348, 51465 , 52128"
50005,Lucia,false,"",h,Gagliardini,1,lucia.gagliardini,"1883752, 1884372, 1885933, 1887029, 1887030, 1894405, 1876878, 1876960, 1877295, 1877316, 1882537, 1883409, 1883751, 1885472 , 1886026"
50006,Lucia,true,"<p>Luc&iacute;a L&oacute;pez</p>
<p>Instructora del M&eacute;todo DeRose</p>",m,Lopez,1,"",""
50007,Gabriel ,false,"",h,Abraham,1,gabriel.abraham,"1881951, 1886128, 1886738, 1887028 , 1877008"
50008,Guido,true,"",h,Morando,1,"",""
50009,Juan Abraham,true,,h,,1,"","50810, 50941, 52176, 50697, 50898, 51078, 51117, 51119 , 51125"
50010,Mauricio,true,"",h,Castillo,1,"",""
1650323,Leda,false,<p>Le</p>,m,Bianucci,1,leda.bianucci,"1885036, 1886730, 1877087, 1880230, 1881419, 1883226 , 1883264"
1650492,Daniela,false,"",m,Massa,1,daniela.massa,"1884659, 1887036, 1875178, 1875326, 1876321, 1877008, 1877034, 1877812, 1878077, 1878078, 1879329, 1880177, 1880462, 1881149, 1881150, 1881295 , 1881568"
1650591,Nuevo,true,<p>Nuevo Instructor</p>,h,Instructor,1,"",""
1650694,Gabriela,true,"",m,Marinescu,1,"",""
