id,nombre,deleted,firma,genero,apellido,school_id,cas_login,follows
50001,Dwayne,true,"<p style=""text-align: right;""><strong>Instr. Dwayne Macgowan</strong></p>
<p style=""text-align: right;"">M&eacute;todo DeRose<br />Sede Belgrano &ndash; Argentina<br /> Av. Luis M. Campos 1395<br /> Tel. (011) 4785-4882<br /><a href=""http://www.metododerose.com.ar/belgrano"" target=""_blank"">www.metododerose.org</a></p>",h,Macgowan,1,dwayne.macgowan,""
50002,Pablo,false,"",h, Lewin,1,pablo. lewin,""
50003,Alex,false,"",h,Falke,1,alex.falke,"1853848, 1874932, 1875945, 1877199, 1878480 , 1876654"
50004,Daniel Fersztand,true,,h,,1,dwayne.macgowan,"51297, 51348, 51465 , 52128"
50005,Lucia,false,"",h,Gagliardini,1,lucia.gagliardini,"1869619, 1876411, 1876493, 1875949, 1876878, 1876960, 1877295 , 1877316"
50006,Lucia,true,"<p>Luc&iacute;a L&oacute;pez</p>
<p>Instructora del M&eacute;todo DeRose</p>",m,Lopez,1,dwayne.macgowan,""
50007,Gabriel ,false,"",h,Abraham,1,gabriel .abraham,"1874881, 1877428, 1879058, 1879118, 1875899, 1875899 , 1877008"
50008,Guido,true,"",h,Morando,1,dwayne.macgowan,""
50009,Juan,true,,h,Abraham,1,dwayne.macgowan,"50810, 50941, 52176, 50697, 50898, 51078, 51117, 51119 , 51125"
50010,Mauricio,true,"",h,Castillo,1,dwayne.macgowan,""
1650323,Leda,false,<p>Le</p>,m,Bianucci,1,leda.bianucci,"1875710, 1877576, 1877870, 1878163 , 1877087"
1650492,Daniela,false,"",m,Massa,1,daniela.massa,"1877626, 1878081, 1875178, 1875326, 1876321, 1877008, 1877034, 1877812, 1878077 , 1878078"
1650591,Nuevo,true,<p>Nuevo Instructor</p>,h,Instructor,1,dwayne.macgowan,""
1650694,Gabriela,true,"",m,Marinescu,1,dwayne.macgowan,""
